,mu,alpha,beta
0,0.007831561866396,0.9672856192480002,1.5444556363059998
