Parameter,SRF
alpha,1.0000558661837404
beta,1.0000517647966654
mu,1.0000134500800832
