,mu,alpha,beta
0,0.002685813017174,0.9714987729474001,1.975087594679
