Parameter,SRF
beta,1.0000505437392955
mu,1.00003922230281
alpha,1.0000063206119978
