{
    "Al-Qaeda": {
        "B": 5.0,
        "W": [
            0.8775108170100251,
            0.08566215239826588,
            0.03716118755935702,
            0.0,
            0.0,
            0.0,
            0.0,
            0.0
        ],
        "lambda": 0.006487058888533084
    },
    "Hizb-I-Islami": {
        "B": 5.0,
        "W": [
            0.0,
            0.0,
            0.0,
            0.14373181739868224,
            0.0,
            0.0,
            0.0,
            0.0
        ],
        "lambda": 0.0031206057245822174
    },
    "Islamist Extremists": {
        "B": 5.0,
        "W": [
            0.0,
            0.0,
            0.0,
            0.12882645208365986,
            0.07511044921292043,
            0.5211797226233261,
            0.3051398443608571,
            0.006454469788523989
        ],
        "lambda": 0.00037799372499229436
    },
    "Jaysh al-Muslimin (Army of the Muslims)": {
        "B": 5.0,
        "W": [
            0.0,
            0.0,
            0.0,
            0.0,
            0.0,
            0.0,
            0.0,
            0.0
        ],
        "lambda": 0.00026287515225217477
    },
    "Opposition Group": {
        "B": 5.0,
        "W": [
            0.0,
            0.0,
            0.0,
            0.0,
            0.0,
            0.0,
            0.0,
            0.0
        ],
        "lambda": 0.005538621432404694
    },
    "Saif-ul-Muslimeen": {
        "B": 5.0,
        "W": [
            0.1224037697344203,
            0.07437918653983186,
            0.0963992786842814,
            0.28253707124562744,
            0.0,
            0.0,
            0.0,
            0.0
        ],
        "lambda": 0.0005009836316118975
    },
    "Taliban": {
        "B": 5.0,
        "W": [
            0.0,
            0.0,
            0.0,
            0.0,
            0.0,
            0.0,
            0.1147195147384657,
            0.0
        ],
        "lambda": 0.11661425112278431
    },
    "Tela Mohammed": {
        "B": 5.0,
        "W": [
            0.0732288627352338,
            0.27357940531688,
            0.0,
            0.02663503670788105,
            0.0,
            0.0,
            0.0,
            0.0
        ],
        "lambda": 0.0014843707396138839
    }
}