{
    "Hizb-I-Islami": {
        "B": 5.0, 
        "W": [
            0.0, 
            0.0, 
            0.0, 
            0.0, 
            0.0, 
            0.0, 
            0.0, 
            0.0
        ], 
        "lambda": 0.00041420905303409547
    }, 
    "Tela Mohammed": {
        "B": 5.0, 
        "W": [
            0.0, 
            0.0, 
            0.0, 
            0.0, 
            0.0, 
            0.07823108513685477, 
            0.0, 
            0.0
        ], 
        "lambda": 0.00034062916456613053
    }, 
    "Taliban": {
        "B": 5.0, 
        "W": [
            0.0, 
            0.0, 
            0.0, 
            0.0, 
            0.0, 
            0.0, 
            0.9569919257607767, 
            0.0
        ], 
        "lambda": 0.004961142761215094
    }, 
    "Opposition Group": {
        "B": 5.0, 
        "W": [
            0.0, 
            0.0, 
            0.0, 
            0.0, 
            0.13582525504139834, 
            0.0, 
            0.0, 
            0.0
        ], 
        "lambda": 0.0045090527377148
    }, 
    "Jaysh al-Muslimin (Army of the Muslims)": {
        "B": 5.0, 
        "W": [
            0.0, 
            0.0, 
            0.0, 
            0.0, 
            0.153742463116387, 
            0.0, 
            0.0, 
            0.0
        ], 
        "lambda": 0.00094600578269919
    }, 
    "Saif-ul-Muslimeen": {
        "B": 5.0, 
        "W": [
            0.0, 
            0.0, 
            0.0, 
            0.0, 
            0.0, 
            0.0, 
            0.2630015040147204, 
            0.110096551203166
        ], 
        "lambda": 0.0005914424642294772
    }, 
    "Islamist Extremists": {
        "B": 5.0, 
        "W": [
            0.0, 
            0.0, 
            0.0, 
            0.0, 
            0.0, 
            0.0, 
            0.0, 
            0.0
        ], 
        "lambda": 0.0007478876764753548
    }, 
    "Al-Qaeda": {
        "B": 5.0, 
        "W": [
            0.39113387380293896, 
            0.31325701773638054, 
            0.0, 
            0.0, 
            0.0, 
            0.0, 
            0.017721370517661563, 
            0.0
        ], 
        "lambda": 0.006501808098673848
    }
}