{
    "People's Revolutionary Army (ERP)": {
        "B": 5.0, 
        "W": [
            0.1854541191955345, 
            0.0, 
            0.39084309754599955, 
            0.08363880995044076, 
            0.0
        ], 
        "lambda": 0.0015114088131216819
    }, 
    "Popular Liberation Army (EPL)": {
        "B": 5.0, 
        "W": [
            0.0, 
            0.0, 
            0.0, 
            0.0, 
            0.0
        ], 
        "lambda": 0.0035623106022726865
    }, 
    "United Self Defense Units of Colombia (AUC)": {
        "B": 5.0, 
        "W": [
            1.6937747376795145, 
            0.09222992096176243, 
            0.0, 
            2.706307166985676, 
            0.7909793293265761
        ], 
        "lambda": 0.004986557555616372
    }, 
    "National Liberation Army of Colombia (ELN)": {
        "B": 5.0, 
        "W": [
            0.0, 
            0.0, 
            0.0, 
            0.20938100276475013, 
            0.0
        ], 
        "lambda": 0.008677919685003558
    }, 
    "Revolutionary Armed Forces of Colombia (FARC)": {
        "B": 5.0, 
        "W": [
            0.0, 
            0.0, 
            0.0, 
            0.0, 
            0.0
        ], 
        "lambda": 0.05791517224585922
    }
}