,mu,alpha,beta
0,0.03822100022799,1.5858402137870002,11.38121943274
