Parameter,SRF
beta,1.000057285753751
mu,1.0000111586642548
alpha,1.000045567986904
