{
    "Hizb-I-Islami": {
        "W_std": [
            0.007046800540187411, 
            0.01023001898271992, 
            0.00527335556419413, 
            0.006168496153409266, 
            0.0024391704380755577, 
            0.006076823714791656, 
            0.04552844915107575, 
            0.00745002199354732
        ], 
        "B": 5.0, 
        "lambda_std": 0.0017911350394460464, 
        "W": [
            0.030769064095954594, 
            0.036667243984924304, 
            0.03196573184271735, 
            0.02565030415502411, 
            0.015376553424156787, 
            0.027198964208312176, 
            0.07950413843064852, 
            0.03319999020261408
        ], 
        "lambda": 0.002430099660300881
    }, 
    "Tela Mohammed": {
        "W_std": [
            0.015107328183860092, 
            0.02390813165680084, 
            0.016461145184125624, 
            0.02240938911781715, 
            0.026939069605348302, 
            0.025448325394142556, 
            0.014039707116654278, 
            0.00960775326516738
        ], 
        "B": 5.0, 
        "lambda_std": 0.0007033271079813122, 
        "W": [
            0.042721321311945, 
            0.061029853096850065, 
            0.038320621614340945, 
            0.05115950629955692, 
            0.06163306171018589, 
            0.050168253691822685, 
            0.0363358281230407, 
            0.037946623016148644
        ], 
        "lambda": 0.0007713666065642628
    }, 
    "Taliban": {
        "W_std": [
            0.0, 
            4.613039634737096e-07, 
            0.0, 
            1.933787930245746e-06, 
            2.605634838141815e-09, 
            0.0, 
            0.007344957179444155, 
            0.0
        ], 
        "B": 5.0, 
        "lambda_std": 0.00836389975633157, 
        "W": [
            0.0, 
            9.153099051661514e-05, 
            0.0, 
            0.00015278409180361998, 
            5.104541936493235e-06, 
            0.0, 
            0.775415829258104, 
            0.0
        ], 
        "lambda": 0.02603599383091628
    }, 
    "Opposition Group": {
        "W_std": [
            0.249052126181359, 
            0.023054880262248802, 
            0.005809259353092567, 
            0.004549338099373833, 
            0.007608090692478031, 
            0.016336430945808923, 
            0.012447538705884963, 
            0.0025625423163445106
        ], 
        "B": 5.0, 
        "lambda_std": 0.001290118873178228, 
        "W": [
            0.24954154336147577, 
            0.06271313126805005, 
            0.019363623449357614, 
            0.02047382985105074, 
            0.028327659000823815, 
            0.04561115951393486, 
            0.039765515043488804, 
            0.012319078864863926
        ], 
        "lambda": 0.0033590622771189366
    }, 
    "Jaysh al-Muslimin (Army of the Muslims)": {
        "W_std": [
            0.007946579649883179, 
            0.019638452369838435, 
            0.012528575298228706, 
            0.011543446685022853, 
            0.015390800142277415, 
            0.0127517797061273, 
            0.010370298316430101, 
            0.025721181820123472
        ], 
        "B": 5.0, 
        "lambda_std": 0.0009738666077966356, 
        "W": [
            0.03769974441974857, 
            0.06147078957396687, 
            0.046566272166709215, 
            0.05415717980690287, 
            0.051901393917044646, 
            0.04116916455306133, 
            0.04424593656675991, 
            0.08258534117185624
        ], 
        "lambda": 0.0013304208678060953
    }, 
    "Saif-ul-Muslimeen": {
        "W_std": [
            0.016436391932557345, 
            0.0178765102112275, 
            0.019240816638498998, 
            0.08096988266863572, 
            0.014125612696657717, 
            0.013744653299164827, 
            0.04453565941132788, 
            0.02333486183789046
        ], 
        "B": 5.0, 
        "lambda_std": 0.0007888008069767106, 
        "W": [
            0.051185052448316816, 
            0.05768512719932651, 
            0.06588657136518278, 
            0.1059528755789369, 
            0.04557295576595856, 
            0.051821014531167754, 
            0.07963802474347936, 
            0.0647894512621836
        ], 
        "lambda": 0.001046487835848585
    }, 
    "Islamist Extremists": {
        "W_std": [
            0.011158605050939584, 
            0.013792954102581648, 
            0.013919410289837607, 
            0.050723183654559474, 
            0.009361493840554291, 
            0.008995116509842789, 
            0.03621548769942086, 
            0.06445600267615822
        ], 
        "B": 5.0, 
        "lambda_std": 0.0006731727384816747, 
        "W": [
            0.03616677755678005, 
            0.045187050302092045, 
            0.04147473035504516, 
            0.08769142242092337, 
            0.03504950279342248, 
            0.03847974201087223, 
            0.08255841311098039, 
            0.09252797907086358
        ], 
        "lambda": 0.0009430237414904268
    }, 
    "Al-Qaeda": {
        "W_std": [
            0.07495984703194433, 
            0.019101869375590178, 
            0.0007589784979467737, 
            0.0006200260941761365, 
            1.723526146433983e-05, 
            0.0007565544236650345, 
            0.13153656177478965, 
            0.0004818763609479319
        ], 
        "B": 5.0, 
        "lambda_std": 0.0038930941085086996, 
        "W": [
            0.1948919798786326, 
            0.0933068850953036, 
            0.00784344530097928, 
            0.007758118559126759, 
            0.0004151537241112007, 
            0.00695158568250246, 
            0.19440540075029353, 
            0.006766816696658631
        ], 
        "lambda": 0.007616829657923489
    }
}