{
    "People's Revolutionary Army (ERP)": {
        "W_std": [
            0.014014452097281221, 
            0.0030135117274388244, 
            0.005710536516054165, 
            0.03798699976581295, 
            0.005179035979932752
        ], 
        "B": 5.0, 
        "lambda_std": 0.001638803650003846, 
        "W": [
            0.03137827787299923, 
            0.01855172248140089, 
            0.02315609407557533, 
            0.09024151036190184, 
            0.014499804970300676
        ], 
        "lambda": 0.004893865542666536
    }, 
    "Popular Liberation Army (EPL)": {
        "W_std": [
            0.003889211254377017, 
            0.00829387605527345, 
            0.002710233537817329, 
            0.008843518530441494, 
            0.0018414516201278332
        ], 
        "B": 5.0, 
        "lambda_std": 0.001326134146772618, 
        "W": [
            0.013379170134034783, 
            0.023591127030550628, 
            0.010571866026772328, 
            0.02611359238602186, 
            0.01137472263654034
        ], 
        "lambda": 0.002714656585972832
    }, 
    "United Self Defense Units of Colombia (AUC)": {
        "W_std": [
            0.031101543589466964, 
            0.0011614313125536265, 
            0.0006069259553356744, 
            0.1292242071356782, 
            0.019936997382374123
        ], 
        "B": 5.0, 
        "lambda_std": 0.002374641373379641, 
        "W": [
            1.2937749486583352, 
            0.0107159140272186, 
            0.006673790162542288, 
            2.9803513804729405, 
            0.8047919278090027
        ], 
        "lambda": 0.005155143159000629
    }, 
    "National Liberation Army of Colombia (ELN)": {
        "W_std": [
            0.00010968072711964269, 
            1.0615407471524855e-05, 
            0.00028237537959265296, 
            0.0058555342075854045, 
            2.433447758909929e-08
        ], 
        "B": 5.0, 
        "lambda_std": 0.0031377728497999254, 
        "W": [
            0.0017346562688193765, 
            0.000633956506748725, 
            0.0054415062196556015, 
            0.028324316247005887, 
            1.559951204015662e-05
        ], 
        "lambda": 0.009646357157777001
    }, 
    "Revolutionary Armed Forces of Colombia (FARC)": {
        "W_std": [
            2.6906888750062e-06, 
            0.0, 
            1.3569690197687604e-05, 
            0.00013158542007111934, 
            1.2623340225733775e-10
        ], 
        "B": 5.0, 
        "lambda_std": 0.009622089700119348, 
        "W": [
            0.00016493230013659183, 
            0.0, 
            0.0005227382929135232, 
            0.0013643440647554464, 
            1.123536391299091e-06
        ], 
        "lambda": 0.061755124641537026
    }
}