{
    "Hizb-I-Islami": {
        "B": 5.0, 
        "W": [
            0.03255189542798546, 
            0.0, 
            0.0, 
            0.23147423147279722, 
            0.34242802743227213, 
            0.0, 
            0.0, 
            0.0
        ], 
        "lambda": 0.0002012470444511826
    }, 
    "Tela Mohammed": {
        "B": 5.0, 
        "W": [
            0.0, 
            0.0, 
            1.0627753398332103, 
            0.0, 
            0.0, 
            0.0, 
            0.0, 
            0.0
        ], 
        "lambda": 0.000731389463716105
    }, 
    "Taliban": {
        "B": 5.0, 
        "W": [
            0.0, 
            0.0, 
            0.0, 
            0.0, 
            0.0, 
            0.0, 
            0.8425863628194564, 
            0.0
        ], 
        "lambda": 0.02890228827747941
    }, 
    "Opposition Group": {
        "B": 5.0, 
        "W": [
            0.5996943274762077, 
            0.01454443345793456, 
            0.0, 
            0.0, 
            0.0, 
            0.0720857321584754, 
            0.0, 
            0.0
        ], 
        "lambda": 0.004440300006813712
    }, 
    "Jaysh al-Muslimin (Army of the Muslims)": {
        "B": 5.0, 
        "W": [
            0.0, 
            0.0, 
            0.0, 
            0.0, 
            0.0, 
            0.0, 
            0.0, 
            0.2545280360418073
        ], 
        "lambda": 0.001089750290240933
    }, 
    "Saif-ul-Muslimeen": {
        "B": 5.0, 
        "W": [
            0.48134661602748796, 
            0.0, 
            0.0, 
            0.61865978088047, 
            0.08690182671178534, 
            0.0, 
            0.0, 
            0.0
        ], 
        "lambda": 0.0014146739709043118
    }, 
    "Islamist Extremists": {
        "B": 5.0, 
        "W": [
            0.0, 
            0.030764591257991303, 
            0.0, 
            0.0, 
            0.0, 
            0.0, 
            0.15639337623028038, 
            0.0
        ], 
        "lambda": 0.00015880616885208606
    }, 
    "Al-Qaeda": {
        "B": 5.0, 
        "W": [
            0.6488251215345304, 
            0.27838398738415954, 
            0.0, 
            0.0, 
            0.0, 
            0.0771329163596498, 
            0.0, 
            0.0
        ], 
        "lambda": 0.0029758609665545784
    }
}