,mu,alpha,beta
0,0.24637415315550001,140.7283192975,343.97210433099997
