Parameter,SRF
beta,1.000004258941098
mu,0.9999885960805204
alpha,1.0000494252880368
