{
    "Hizb-I-Islami": {
        "B": 5.0, 
        "W": [
            0.10300695314515504, 
            0.01266932321400991, 
            0.014537551233054195, 
            0.0, 
            0.0, 
            0.0, 
            0.0, 
            0.0
        ], 
        "lambda": 0.00010741252794910087
    }, 
    "Tela Mohammed": {
        "B": 5.0, 
        "W": [
            0.0, 
            0.0, 
            0.0, 
            0.0, 
            0.0, 
            0.0, 
            0.14963573513960093, 
            0.0
        ], 
        "lambda": 0.0001873733992103579
    }, 
    "Taliban": {
        "B": 5.0, 
        "W": [
            0.0, 
            0.0, 
            0.0, 
            0.0, 
            0.0, 
            0.0, 
            0.8446596898763101, 
            0.0
        ], 
        "lambda": 0.015862871483544344
    }, 
    "Opposition Group": {
        "B": 5.0, 
        "W": [
            1.178078252362701, 
            0.0, 
            0.0, 
            0.0, 
            0.0, 
            0.0, 
            0.27572695062740193, 
            0.0
        ], 
        "lambda": 0.0019874894220814486
    }, 
    "Jaysh al-Muslimin (Army of the Muslims)": {
        "B": 5.0, 
        "W": [
            0.0, 
            0.0, 
            0.0, 
            0.0, 
            0.0, 
            0.0, 
            0.048033525254224184, 
            0.0
        ], 
        "lambda": 0.0013834120881983955
    }, 
    "Saif-ul-Muslimeen": {
        "B": 5.0, 
        "W": [
            0.0, 
            0.0, 
            0.0, 
            0.0067286535823709295, 
            0.0, 
            0.0, 
            0.0, 
            0.4922286491834245
        ], 
        "lambda": 0.0016370326387923008
    }, 
    "Islamist Extremists": {
        "B": 5.0, 
        "W": [
            0.0, 
            0.0, 
            0.0, 
            0.0, 
            0.0, 
            0.0, 
            0.0, 
            0.0
        ], 
        "lambda": 0.002081022102136728
    }, 
    "Al-Qaeda": {
        "B": 5.0, 
        "W": [
            0.0, 
            0.18972633697909116, 
            0.0, 
            0.0, 
            0.0, 
            0.0, 
            0.46194737585193507, 
            0.0
        ], 
        "lambda": 0.006527136708653879
    }
}