{
    "People's Revolutionary Army (ERP)": {
        "B": 5.0, 
        "W": [
            0.0, 
            0.0, 
            0.3103485313913181, 
            0.3120445039087889, 
            0.0
        ], 
        "lambda": 0.006813490182137755
    }, 
    "Popular Liberation Army (EPL)": {
        "B": 5.0, 
        "W": [
            0.17206015290191634, 
            0.0, 
            0.0, 
            0.26896182676875574, 
            0.0
        ], 
        "lambda": 0.0016114162523936453
    }, 
    "United Self Defense Units of Colombia (AUC)": {
        "B": 5.0, 
        "W": [
            1.4010445681663952, 
            0.0, 
            0.0, 
            3.4921606794866022, 
            0.7347530740847087
        ], 
        "lambda": 0.004725272020728773
    }, 
    "National Liberation Army of Colombia (ELN)": {
        "B": 5.0, 
        "W": [
            0.0, 
            0.0, 
            0.0, 
            0.0, 
            0.0
        ], 
        "lambda": 0.009538764382632592
    }, 
    "Revolutionary Armed Forces of Colombia (FARC)": {
        "B": 5.0, 
        "W": [
            0.0, 
            0.0, 
            0.0, 
            0.004095098867091764, 
            0.0
        ], 
        "lambda": 0.0452513440735496
    }
}