,mu,alpha,beta
0,0.1143748039031,4.935608568017,24.74113292327
