Parameter,SRF
beta,1.0000302519360456
mu,1.00001432948006
alpha,1.000015750569013
