{
    "People's Revolutionary Army (ERP)": {
        "B": 5.0, 
        "W": [
            0.0, 
            0.0, 
            0.0, 
            0.0, 
            0.1947194309418181
        ], 
        "lambda": 0.00855211910027542
    }, 
    "Popular Liberation Army (EPL)": {
        "B": 5.0, 
        "W": [
            0.0, 
            0.08286989682079134, 
            0.009350711387674963, 
            0.18392202768197108, 
            0.0
        ], 
        "lambda": 0.005122380589293165
    }, 
    "United Self Defense Units of Colombia (AUC)": {
        "B": 5.0, 
        "W": [
            1.3139047166367936, 
            0.0, 
            0.0, 
            4.14008456671578, 
            0.8180038686012514
        ], 
        "lambda": 0.006044356807981647
    }, 
    "National Liberation Army of Colombia (ELN)": {
        "B": 5.0, 
        "W": [
            0.0, 
            0.0, 
            0.0, 
            0.0, 
            0.0
        ], 
        "lambda": 0.01582960401021361
    }, 
    "Revolutionary Armed Forces of Colombia (FARC)": {
        "B": 5.0, 
        "W": [
            0.0, 
            0.0, 
            0.0, 
            0.0, 
            0.0
        ], 
        "lambda": 0.0428191480573223
    }
}