{
    "Hizb-I-Islami": {
        "W_std": [
            0.008033476774718759, 
            0.013269809082365863, 
            0.006772252935879167, 
            0.028924063212757832, 
            0.0077614640813210185, 
            0.006707775245476648, 
            0.014158361982550412, 
            0.008926629595786948
        ], 
        "B": 5.0, 
        "lambda_std": 0.00190570746645731, 
        "W": [
            0.03139982713494659, 
            0.034485742462326795, 
            0.03238158024212972, 
            0.05736063710241969, 
            0.02635780439649351, 
            0.026313576877353074, 
            0.04602370178187905, 
            0.03927520978826028
        ], 
        "lambda": 0.0025349247075482934
    }, 
    "Tela Mohammed": {
        "W_std": [
            0.008704904399927922, 
            0.014550788247228814, 
            0.008796573789014807, 
            0.01244569515820257, 
            0.008899300512386058, 
            0.0032342686369535387, 
            0.018980175938194715, 
            0.016773377569263403
        ], 
        "B": 5.0, 
        "lambda_std": 0.0008848374663057919, 
        "W": [
            0.028809051859497233, 
            0.04415379480336698, 
            0.02949782221852443, 
            0.03411235320197757, 
            0.03263279467148493, 
            0.019600320369912348, 
            0.05607377828779052, 
            0.05061427555391449
        ], 
        "lambda": 0.001068267123334239
    }, 
    "Taliban": {
        "W_std": [
            7.66535788576989e-09, 
            0.0, 
            0.0, 
            0.0, 
            0.0, 
            4.598013929536496e-07, 
            0.008388964354446754, 
            0.0
        ], 
        "B": 5.0, 
        "lambda_std": 0.008496518588994958, 
        "W": [
            8.755202959252227e-06, 
            0.0, 
            0.0, 
            0.0, 
            0.0, 
            6.78086567448176e-05, 
            0.7489002239683541, 
            0.0
        ], 
        "lambda": 0.027468559253649622
    }, 
    "Opposition Group": {
        "W_std": [
            0.4363858088509332, 
            0.010461447029357234, 
            0.006286728901948919, 
            0.0012277110653017625, 
            0.009026703824947293, 
            0.015340730191316604, 
            0.01027164866660429, 
            0.003436778223833363
        ], 
        "B": 5.0, 
        "lambda_std": 0.0013764619567482764, 
        "W": [
            0.4604981994409835, 
            0.03415967393183567, 
            0.02147404933019458, 
            0.010266732314990545, 
            0.03071185070537614, 
            0.042400814176907206, 
            0.03926293366701001, 
            0.014761985855970662
        ], 
        "lambda": 0.003421491778018275
    }, 
    "Jaysh al-Muslimin (Army of the Muslims)": {
        "W_std": [
            0.006641762014750768, 
            0.010092561344703169, 
            0.012864897090015003, 
            0.006073471718071444, 
            0.008146585465780341, 
            0.006751915427778042, 
            0.023624435627217933, 
            0.012441327470229345
        ], 
        "B": 5.0, 
        "lambda_std": 0.0010036547785802266, 
        "W": [
            0.02703138640330968, 
            0.03658819820572067, 
            0.03803240976124764, 
            0.024714600987099967, 
            0.0374272900444944, 
            0.029544944003658626, 
            0.06181388087540721, 
            0.04310625750188832
        ], 
        "lambda": 0.0013410834572806154
    }, 
    "Saif-ul-Muslimeen": {
        "W_std": [
            0.01241279090651919, 
            0.027060139237563525, 
            0.008866317719956593, 
            0.02565908552192899, 
            0.011543282139921219, 
            0.023261806782191346, 
            0.02088314048730071, 
            0.01821554322668597
        ], 
        "B": 5.0, 
        "lambda_std": 0.0008147960447558242, 
        "W": [
            0.03515464842916727, 
            0.06621495727681644, 
            0.032080930708987924, 
            0.0525065220959086, 
            0.04031128097479571, 
            0.03945734093861988, 
            0.06008993987386124, 
            0.05757371609258201
        ], 
        "lambda": 0.0009880338683486264
    }, 
    "Islamist Extremists": {
        "W_std": [
            0.011769429468588683, 
            0.0212116384679831, 
            0.008340513551565369, 
            0.04331227132887273, 
            0.013025903257779893, 
            0.018305923537703384, 
            0.019524348820743446, 
            0.01711147160768371
        ], 
        "B": 5.0, 
        "lambda_std": 0.0006597039954424597, 
        "W": [
            0.03828238983835102, 
            0.058396315596412895, 
            0.03472545340783316, 
            0.09567461127384529, 
            0.03409569302566017, 
            0.05703786546903592, 
            0.0563290376960216, 
            0.05595735881294683
        ], 
        "lambda": 0.0008782316406093072
    }, 
    "Al-Qaeda": {
        "W_std": [
            0.0795296388180142, 
            0.027400622749993987, 
            0.0004903780118846969, 
            0.0015898277655676035, 
            8.406027621216446e-05, 
            0.000768290039629279, 
            0.1338131587258274, 
            0.0003549314201799465
        ], 
        "B": 5.0, 
        "lambda_std": 0.004242826176636173, 
        "W": [
            0.22168099624823095, 
            0.13447858596549828, 
            0.0049643988667167965, 
            0.01454914223576581, 
            0.0016178633570361294, 
            0.00567875040526546, 
            0.22417792394060995, 
            0.0035357839558136624
        ], 
        "lambda": 0.006579776987567306
    }
}