{
    "People's Revolutionary Army (ERP)": {
        "W_std": [
            0.006824814183963954, 
            0.0012189298908224344, 
            0.011250304571141788, 
            0.050947041932757724, 
            0.0025467988972775286
        ], 
        "B": 5.0, 
        "lambda_std": 0.0019288477042035828, 
        "W": [
            0.021262970314833186, 
            0.006056892546536955, 
            0.03489931131846113, 
            0.08757474909318062, 
            0.012841915258129473
        ], 
        "lambda": 0.005318432134579882
    }, 
    "Popular Liberation Army (EPL)": {
        "W_std": [
            0.0037953802737608704, 
            0.006787450752017118, 
            0.0021321568529762067, 
            0.03347425549840466, 
            0.0027256948921870754
        ], 
        "B": 5.0, 
        "lambda_std": 0.001336585403424681, 
        "W": [
            0.01558813856625796, 
            0.01792695497082795, 
            0.01172970051710009, 
            0.049919793392783685, 
            0.013865259499154776
        ], 
        "lambda": 0.0026072060295184813
    }, 
    "United Self Defense Units of Colombia (AUC)": {
        "W_std": [
            0.034482696905859075, 
            0.0011976891705894192, 
            0.00037260139201910275, 
            0.12947296500166136, 
            0.015817688394162737
        ], 
        "B": 5.0, 
        "lambda_std": 0.002252962505960075, 
        "W": [
            1.3135205241937333, 
            0.011345148743243329, 
            0.005300211775352091, 
            3.119767011944322, 
            0.8391395630866375
        ], 
        "lambda": 0.005044266420435057
    }, 
    "National Liberation Army of Colombia (ELN)": {
        "W_std": [
            0.0007187049304820459, 
            5.581760262939167e-05, 
            0.00013756093519364578, 
            0.005022651175646798, 
            0.0
        ], 
        "B": 5.0, 
        "lambda_std": 0.004070337378234578, 
        "W": [
            0.004599227957834526, 
            0.0015187395415993238, 
            0.0029982908918155904, 
            0.019383423381271594, 
            0.0
        ], 
        "lambda": 0.010356377674853126
    }, 
    "Revolutionary Armed Forces of Colombia (FARC)": {
        "W_std": [
            0.0, 
            3.2376431082596575e-09, 
            0.0, 
            3.244826627704258e-05, 
            6.906422471368272e-07
        ], 
        "B": 5.0, 
        "lambda_std": 0.009526397233639995, 
        "W": [
            0.0, 
            5.69002909329965e-06, 
            0.0, 
            0.0005696337970753019, 
            8.310488837227491e-05
        ], 
        "lambda": 0.05873336467042593
    }
}