{
    "Hizb-I-Islami": {
        "B": 5.0, 
        "W": [
            0.0, 
            0.0, 
            0.2920983528876704, 
            0.0, 
            0.0, 
            0.23575630962835803, 
            0.010521354816954872, 
            0.0
        ], 
        "lambda": 0.007304991486312254
    }, 
    "Tela Mohammed": {
        "B": 5.0, 
        "W": [
            0.1817163188891035, 
            0.0, 
            0.0, 
            0.00911274813000827, 
            0.0, 
            0.0, 
            0.0, 
            0.1429082497347711
        ], 
        "lambda": 6.612512891678677e-05
    }, 
    "Taliban": {
        "B": 5.0, 
        "W": [
            0.0, 
            0.0, 
            0.0, 
            0.0, 
            0.0, 
            0.0, 
            0.9147985319595793, 
            0.0
        ], 
        "lambda": 0.023749615846787052
    }, 
    "Opposition Group": {
        "B": 5.0, 
        "W": [
            0.0, 
            0.0, 
            0.0, 
            0.0, 
            0.0, 
            0.0, 
            0.0, 
            0.0
        ], 
        "lambda": 0.0024808762361456407
    }, 
    "Jaysh al-Muslimin (Army of the Muslims)": {
        "B": 5.0, 
        "W": [
            0.0, 
            0.0, 
            0.0, 
            0.0, 
            0.0, 
            0.0, 
            0.056534358855690796, 
            0.0
        ], 
        "lambda": 0.000662827778676895
    }, 
    "Saif-ul-Muslimeen": {
        "B": 5.0, 
        "W": [
            0.0, 
            0.0, 
            0.228580467395473, 
            0.0, 
            0.0, 
            0.0, 
            0.03793607296384593, 
            0.0
        ], 
        "lambda": 0.0002531979074095219
    }, 
    "Islamist Extremists": {
        "B": 5.0, 
        "W": [
            0.0, 
            0.0, 
            0.04879286525792325, 
            0.0, 
            0.0, 
            0.12415757464692756, 
            0.0, 
            0.31129286343882856
        ], 
        "lambda": 0.0003171426890127897
    }, 
    "Al-Qaeda": {
        "B": 5.0, 
        "W": [
            0.47524071320663297, 
            0.0, 
            0.0, 
            0.0, 
            0.0, 
            0.0, 
            0.0, 
            0.0
        ], 
        "lambda": 0.006118858364346001
    }
}