{
    "Hizb-I-Islami": {
        "B": 5.0, 
        "W": [
            0.0, 
            0.0, 
            0.0, 
            0.0, 
            0.0, 
            0.0, 
            0.0, 
            0.10263263417363946
        ], 
        "lambda": 0.0027688820049460564
    }, 
    "Tela Mohammed": {
        "B": 5.0, 
        "W": [
            0.0, 
            0.0, 
            0.0, 
            0.0, 
            0.0, 
            0.0, 
            0.0, 
            0.0
        ], 
        "lambda": 0.0001369036835203365
    }, 
    "Taliban": {
        "B": 5.0, 
        "W": [
            0.0, 
            0.0, 
            0.0, 
            0.0, 
            0.0, 
            0.0, 
            0.8221701976497672, 
            0.0
        ], 
        "lambda": 0.011627004408897787
    }, 
    "Opposition Group": {
        "B": 5.0, 
        "W": [
            0.0, 
            0.0, 
            0.0, 
            0.0, 
            0.0, 
            0.0, 
            0.0, 
            0.0401343603394755
        ], 
        "lambda": 0.003699798276944656
    }, 
    "Jaysh al-Muslimin (Army of the Muslims)": {
        "B": 5.0, 
        "W": [
            0.07797307029097332, 
            0.45802263179697883, 
            0.07337405156068208, 
            0.06668190362030778, 
            0.10793096587986804, 
            0.05776503059931148, 
            0.08115825395703993, 
            0.19041617568525668
        ], 
        "lambda": 5.84633956201518e-05
    }, 
    "Saif-ul-Muslimeen": {
        "B": 5.0, 
        "W": [
            0.0, 
            0.0, 
            0.0, 
            0.5524109686335493, 
            0.0, 
            0.0, 
            0.0, 
            0.0
        ], 
        "lambda": 0.0006505582269027121
    }, 
    "Islamist Extremists": {
        "B": 5.0, 
        "W": [
            0.0, 
            0.0, 
            0.0, 
            0.4452433591240212, 
            0.0, 
            0.0, 
            0.0, 
            0.0
        ], 
        "lambda": 0.0010282542903677443
    }, 
    "Al-Qaeda": {
        "B": 5.0, 
        "W": [
            0.14558994828129657, 
            0.08015717061008941, 
            0.0, 
            0.0, 
            0.0, 
            0.10688336818051443, 
            0.7715172900347373, 
            0.0
        ], 
        "lambda": 0.0129246295348025
    }
}