{
    "People's Revolutionary Army (ERP)": {
        "B": 5.0, 
        "W": [
            0.33286472064309836, 
            0.0, 
            0.20368108562043458, 
            0.07837581629798762, 
            0.09611341750827461
        ], 
        "lambda": 0.004907138581905536
    }, 
    "Popular Liberation Army (EPL)": {
        "B": 5.0, 
        "W": [
            0.0, 
            0.1685220639129541, 
            0.0, 
            0.05970112454629332, 
            0.08094135656229832
        ], 
        "lambda": 0.0006839038394537288
    }, 
    "United Self Defense Units of Colombia (AUC)": {
        "B": 5.0, 
        "W": [
            0.9004534630781001, 
            0.0, 
            0.0, 
            2.9967458220092564, 
            0.7116993686589663
        ], 
        "lambda": 0.014366499206189015
    }, 
    "National Liberation Army of Colombia (ELN)": {
        "B": 5.0, 
        "W": [
            0.0, 
            0.0, 
            0.0, 
            0.0, 
            0.0
        ], 
        "lambda": 0.010946014712845927
    }, 
    "Revolutionary Armed Forces of Colombia (FARC)": {
        "B": 5.0, 
        "W": [
            0.0, 
            0.0, 
            0.0, 
            0.0, 
            0.0
        ], 
        "lambda": 0.05765718985901944
    }
}