{
    "Hizb-I-Islami": {
        "B": 5.0, 
        "W": [
            0.0, 
            0.0, 
            0.0, 
            0.0, 
            0.0, 
            0.0, 
            0.0, 
            0.0
        ], 
        "lambda": 0.0013651013939733015
    }, 
    "Tela Mohammed": {
        "B": 5.0, 
        "W": [
            0.020764574740324702, 
            0.0, 
            0.0, 
            0.08068764133632826, 
            0.08995728164353377, 
            0.12521799684400525, 
            0.0, 
            0.0
        ], 
        "lambda": 0.0013818489482755078
    }, 
    "Taliban": {
        "B": 5.0, 
        "W": [
            0.0, 
            0.0, 
            0.0, 
            0.0, 
            0.0, 
            0.0, 
            0.8428231118133374, 
            0.0
        ], 
        "lambda": 0.022394410368798155
    }, 
    "Opposition Group": {
        "B": 5.0, 
        "W": [
            0.0, 
            0.0, 
            0.0, 
            0.0, 
            0.0, 
            0.0, 
            0.0, 
            0.0
        ], 
        "lambda": 0.0028818182599432626
    }, 
    "Jaysh al-Muslimin (Army of the Muslims)": {
        "B": 5.0, 
        "W": [
            0.0, 
            0.28104280540537097, 
            0.0, 
            0.0, 
            0.0, 
            0.0, 
            0.0, 
            0.37750752540081345
        ], 
        "lambda": 0.0002918783669230886
    }, 
    "Saif-ul-Muslimeen": {
        "B": 5.0, 
        "W": [
            0.0, 
            0.0, 
            0.07900341091655622, 
            0.0, 
            0.0, 
            0.0, 
            0.0, 
            0.0
        ], 
        "lambda": 0.000691519680686824
    }, 
    "Islamist Extremists": {
        "B": 5.0, 
        "W": [
            0.13569184427139608, 
            0.0, 
            0.0, 
            0.11936834195960139, 
            0.08371113461812144, 
            0.3424017033105203, 
            0.24604354278670076, 
            0.0
        ], 
        "lambda": 0.00014013680035467377
    }, 
    "Al-Qaeda": {
        "B": 5.0, 
        "W": [
            0.5202263960155035, 
            0.2372166292424702, 
            0.0, 
            0.0, 
            0.0, 
            0.0, 
            1.2871063520385548, 
            0.003993096323548907
        ], 
        "lambda": 0.007081461778439556
    }
}