{
    "Hizb-I-Islami": {
        "W_std": [
            0.004097988718210805, 
            0.007981402746201492, 
            0.0063774045338730895, 
            0.010439298519751115, 
            0.003281913493932562, 
            0.0046059790578155775, 
            0.014588375871319241, 
            0.0036817701980679657
        ], 
        "B": 5.0, 
        "lambda_std": 0.0015634829725648762, 
        "W": [
            0.02142984407198796, 
            0.028650713024357823, 
            0.026221536865808224, 
            0.03996044929205481, 
            0.009309451187334934, 
            0.02496704266186486, 
            0.04275880932351076, 
            0.023174876608814378
        ], 
        "lambda": 0.002711356582289073
    }, 
    "Tela Mohammed": {
        "W_std": [
            0.0009529047776934492, 
            0.012186170613695861, 
            0.0034383569848218313, 
            0.010291407900522237, 
            0.005835883829819752, 
            0.010253157696686178, 
            0.022391830553101778, 
            0.012755234377391293
        ], 
        "B": 5.0, 
        "lambda_std": 0.0006987424914018334, 
        "W": [
            0.00879324448419694, 
            0.029029229012158604, 
            0.01672598692184012, 
            0.032013939582336275, 
            0.023004081499584658, 
            0.029278395244218096, 
            0.05092160335379405, 
            0.04091105579693277
        ], 
        "lambda": 0.0008848005392496287
    }, 
    "Taliban": {
        "W_std": [
            8.18732486336457e-08, 
            3.451188394685053e-09, 
            1.3910061808957344e-08, 
            1.4300972567003515e-08, 
            0.0, 
            1.7479735138589676e-09, 
            0.007077640650930441, 
            3.0800569221110195e-06
        ], 
        "B": 5.0, 
        "lambda_std": 0.00795541970620847, 
        "W": [
            2.8613501818834698e-05, 
            5.874681603870167e-06, 
            1.1794092508097996e-05, 
            1.1958667386880287e-05, 
            0.0, 
            4.180877316854647e-06, 
            0.7600438177462577, 
            0.00017550090945949609
        ], 
        "lambda": 0.02462301659259077
    }, 
    "Opposition Group": {
        "W_std": [
            0.31331704280301165, 
            0.008898838655803785, 
            0.0026309720104588648, 
            0.005067485055230996, 
            0.00979307868325492, 
            0.007069856841038246, 
            0.02258606540877816, 
            0.001439315295087071
        ], 
        "B": 5.0, 
        "lambda_std": 0.0011637991024014771, 
        "W": [
            0.27365799902813226, 
            0.03809957726525896, 
            0.016309052621006015, 
            0.019882584905824043, 
            0.036176006875784865, 
            0.031197722816415287, 
            0.049891794950735105, 
            0.009215543019544893
        ], 
        "lambda": 0.0031321150076345674
    }, 
    "Jaysh al-Muslimin (Army of the Muslims)": {
        "W_std": [
            0.01849930530984399, 
            0.016966178310315886, 
            0.006293617369977783, 
            0.021476136059356613, 
            0.01294638556261541, 
            0.004392436195840665, 
            0.007922500803618166, 
            0.02566916781654285
        ], 
        "B": 5.0, 
        "lambda_std": 0.0011353786353899735, 
        "W": [
            0.04088328302201309, 
            0.04515412865113906, 
            0.027915060210500345, 
            0.05573917415597084, 
            0.04161899667416625, 
            0.024350514347378126, 
            0.03309356317355985, 
            0.06898453347358861
        ], 
        "lambda": 0.0013490617448211795
    }, 
    "Saif-ul-Muslimeen": {
        "W_std": [
            0.0054419818810038986, 
            0.04919800809652765, 
            0.008926823209644176, 
            0.037031149696277674, 
            0.013176177678298968, 
            0.014102101050423609, 
            0.028600652037890563, 
            0.01486068088248541
        ], 
        "B": 5.0, 
        "lambda_std": 0.0006824861192265545, 
        "W": [
            0.02762838859499513, 
            0.07181998921082165, 
            0.029041048589273713, 
            0.07922843910392946, 
            0.03553853018636829, 
            0.04144598315650516, 
            0.06570632920699876, 
            0.0458996309360447
        ], 
        "lambda": 0.001037049887762834
    }, 
    "Islamist Extremists": {
        "W_std": [
            0.009009650976885603, 
            0.012310106343454941, 
            0.01683826695940755, 
            0.07135528911643318, 
            0.014829480979283678, 
            0.011210246824880542, 
            0.034507179446604315, 
            0.02161264306777267
        ], 
        "B": 5.0, 
        "lambda_std": 0.0008725933212012681, 
        "W": [
            0.028513164566676963, 
            0.04301286457131895, 
            0.04068542666666746, 
            0.10579163995951725, 
            0.04660643294370932, 
            0.04519057115467898, 
            0.07105969113605437, 
            0.05441875719654899
        ], 
        "lambda": 0.0010395506091597693
    }, 
    "Al-Qaeda": {
        "W_std": [
            0.07811128520714772, 
            0.019819177111304456, 
            0.0008449731197111458, 
            0.0012143409023383238, 
            0.00015791532611015142, 
            0.0009220326441308887, 
            0.33857928486774747, 
            0.0003300848659594778
        ], 
        "B": 5.0, 
        "lambda_std": 0.004002921544020923, 
        "W": [
            0.24299990413519598, 
            0.09439984868482484, 
            0.005466814662738006, 
            0.010912257977596157, 
            0.0021107380152072122, 
            0.009072557501159666, 
            0.3640229485242188, 
            0.0046141222536760715
        ], 
        "lambda": 0.006677074969517571
    }
}