{
    "People's Revolutionary Army (ERP)": {
        "W_std": [
            0.0062421635856695825, 
            0.003533022973101171, 
            0.011338468197357482, 
            0.024262495987490692, 
            0.0006683774369771774
        ], 
        "B": 5.0, 
        "lambda_std": 0.0019213390898349214, 
        "W": [
            0.02600885313903745, 
            0.016159683550042325, 
            0.038481747544264006, 
            0.05971844442392284, 
            0.006431930861851693
        ], 
        "lambda": 0.004727196124080715
    }, 
    "Popular Liberation Army (EPL)": {
        "W_std": [
            0.00463368463776315, 
            0.009829585969403533, 
            0.012834533221558485, 
            0.017545098718507623, 
            0.0032851612431336543
        ], 
        "B": 5.0, 
        "lambda_std": 0.001360471215740375, 
        "W": [
            0.01838405490305214, 
            0.029339310781562076, 
            0.03761833490037595, 
            0.04943227522371851, 
            0.01810926700009929
        ], 
        "lambda": 0.002792636176105696
    }, 
    "United Self Defense Units of Colombia (AUC)": {
        "W_std": [
            0.0349420066740226, 
            0.0014602698025112206, 
            0.0004405942927034795, 
            0.1599798129037929, 
            0.017300670744252643
        ], 
        "B": 5.0, 
        "lambda_std": 0.002324304197496063, 
        "W": [
            1.3061346112487435, 
            0.015198809075686255, 
            0.005580152660021134, 
            3.055727704581552, 
            0.80755070507649
        ], 
        "lambda": 0.005197900268208782
    }, 
    "National Liberation Army of Colombia (ELN)": {
        "W_std": [
            0.00015634270269175669, 
            0.00022099797954275947, 
            0.00018595725030299358, 
            0.007426300582673274, 
            0.0
        ], 
        "B": 5.0, 
        "lambda_std": 0.003762447756607026, 
        "W": [
            0.0020278516528939162, 
            0.003854516186402601, 
            0.0036055738368493493, 
            0.026991109695756427, 
            0.0
        ], 
        "lambda": 0.010973804369898631
    }, 
    "Revolutionary Armed Forces of Colombia (FARC)": {
        "W_std": [
            2.269248515134204e-07, 
            7.305322286465073e-07, 
            0.0, 
            1.4383083159616969e-05, 
            6.606179925968866e-10
        ], 
        "B": 5.0, 
        "lambda_std": 0.011113285374426551, 
        "W": [
            4.763662997247191e-05, 
            0.00011509726093996159, 
            0.0, 
            0.0003842422309231586, 
            2.5702490007718883e-06
        ], 
        "lambda": 0.05931287523944355
    }
}