,mu,alpha,beta
0,0.005743808983250999,3.84740456133,3.944163716186
