Parameter,SRF
beta,1.0001284575334912
mu,1.0000203934825416
alpha,1.0000936002827838
