Parameter,SRF
alpha,1.0000664937474026
beta,1.0001028281463196
mu,0.9999900000620807
