{
    "Hizb-I-Islami": {
        "B": 5.0, 
        "W": [
            0.0, 
            0.0, 
            0.0, 
            0.0, 
            0.0, 
            0.0, 
            0.0, 
            0.0
        ], 
        "lambda": 0.0017950640922317707
    }, 
    "Tela Mohammed": {
        "B": 5.0, 
        "W": [
            0.0, 
            0.0, 
            0.0, 
            0.0, 
            0.03668783614838179, 
            0.0, 
            0.0, 
            0.0
        ], 
        "lambda": 0.0005793528957977337
    }, 
    "Taliban": {
        "B": 5.0, 
        "W": [
            0.0, 
            0.0, 
            0.0, 
            0.0, 
            0.0, 
            0.0, 
            0.8651579147596841, 
            0.0
        ], 
        "lambda": 0.02375020746804258
    }, 
    "Opposition Group": {
        "B": 5.0, 
        "W": [
            1.5783627423341373, 
            0.0, 
            0.0, 
            0.02904567500769621, 
            0.0, 
            0.0, 
            0.0, 
            0.08086296572090362
        ], 
        "lambda": 0.0019641954724778808
    }, 
    "Jaysh al-Muslimin (Army of the Muslims)": {
        "B": 5.0, 
        "W": [
            0.0, 
            0.0, 
            0.0, 
            0.0, 
            0.0, 
            0.0, 
            0.0, 
            0.0
        ], 
        "lambda": 0.0012180586982303795
    }, 
    "Saif-ul-Muslimeen": {
        "B": 5.0, 
        "W": [
            0.0, 
            0.0, 
            0.0, 
            0.0, 
            0.0, 
            0.0, 
            0.0, 
            0.0
        ], 
        "lambda": 0.0019439084803829268
    }, 
    "Islamist Extremists": {
        "B": 5.0, 
        "W": [
            0.0, 
            0.25241664157846394, 
            0.0, 
            0.08971732262947166, 
            0.0, 
            0.0, 
            0.0, 
            0.09867284223264743
        ], 
        "lambda": 0.0007728208947580142
    }, 
    "Al-Qaeda": {
        "B": 5.0, 
        "W": [
            0.05079251019668642, 
            0.15836785660578578, 
            0.06336790933918665, 
            0.07142591066568875, 
            0.0, 
            0.0, 
            0.0, 
            0.0
        ], 
        "lambda": 0.0019082006416063838
    }
}