,mu,alpha,beta
0,0.245652984454,1.237269898876,1.7447509187519998
