Parameter,SRF
beta,1.0000159507145383
mu,0.9999779047337735
alpha,1.000079329455732
