{
    "Hizb-I-Islami": {
        "B": 5.0, 
        "W": [
            0.07869634519995909, 
            0.4020322745088043, 
            0.0, 
            0.0, 
            0.17107419836110618, 
            0.0, 
            0.13556868576308875, 
            0.0011302357392966342
        ], 
        "lambda": 0.0033926525332048144
    }, 
    "Tela Mohammed": {
        "B": 5.0, 
        "W": [
            0.0, 
            0.0, 
            0.039771556467129085, 
            0.05444158183177887, 
            0.0, 
            0.0, 
            0.0, 
            0.05658832765810182
        ], 
        "lambda": 0.0006905753800230473
    }, 
    "Taliban": {
        "B": 5.0, 
        "W": [
            0.0, 
            0.0, 
            0.0, 
            0.0, 
            0.0, 
            0.0, 
            0.7616219153719143, 
            0.0
        ], 
        "lambda": 0.038717201692856223
    }, 
    "Opposition Group": {
        "B": 5.0, 
        "W": [
            0.0, 
            0.0, 
            0.0, 
            0.0, 
            0.13321025145735146, 
            0.0, 
            0.0, 
            0.0
        ], 
        "lambda": 0.005721971566840327
    }, 
    "Jaysh al-Muslimin (Army of the Muslims)": {
        "B": 5.0, 
        "W": [
            0.0, 
            0.0, 
            0.0, 
            0.027736385477735468, 
            0.0, 
            0.0, 
            0.0, 
            0.0
        ], 
        "lambda": 0.0004877433924278252
    }, 
    "Saif-ul-Muslimeen": {
        "B": 5.0, 
        "W": [
            0.0, 
            0.0, 
            0.0009454782810551133, 
            0.0, 
            0.0, 
            0.0, 
            0.0, 
            0.0
        ], 
        "lambda": 0.0010419275528652117
    }, 
    "Islamist Extremists": {
        "B": 5.0, 
        "W": [
            0.0, 
            0.0, 
            0.0, 
            0.0, 
            0.0, 
            0.0, 
            0.08250613459155474, 
            0.0
        ], 
        "lambda": 0.0007188371751621241
    }, 
    "Al-Qaeda": {
        "B": 5.0, 
        "W": [
            0.21676068949226499, 
            0.05714441585637137, 
            0.0, 
            0.0, 
            0.0, 
            0.0, 
            0.0, 
            0.0
        ], 
        "lambda": 0.005580780036882742
    }
}