{
    "People's Revolutionary Army (ERP)": {
        "B": 5.0, 
        "W": [
            0.0, 
            0.0, 
            0.0, 
            0.0, 
            0.0
        ], 
        "lambda": 0.0041387021250607475
    }, 
    "Popular Liberation Army (EPL)": {
        "B": 5.0, 
        "W": [
            0.0, 
            0.0, 
            0.04110072804566462, 
            0.0, 
            0.0
        ], 
        "lambda": 0.007148103207888038
    }, 
    "United Self Defense Units of Colombia (AUC)": {
        "B": 5.0, 
        "W": [
            1.44796174109605, 
            0.0, 
            0.0, 
            2.534484699053665, 
            0.9286356816991961
        ], 
        "lambda": 0.006238443972910893
    }, 
    "National Liberation Army of Colombia (ELN)": {
        "B": 5.0, 
        "W": [
            0.0, 
            0.0, 
            0.0, 
            0.07243702064129791, 
            0.0
        ], 
        "lambda": 0.012391649688599815
    }, 
    "Revolutionary Armed Forces of Colombia (FARC)": {
        "B": 5.0, 
        "W": [
            0.0, 
            0.0, 
            0.0, 
            0.0, 
            0.0
        ], 
        "lambda": 0.08346873731290505
    }
}