,mu,alpha,beta
0,0.014391396941569998,0.2910431330469,0.6490275153618
