Parameter,SRF
beta,1.0001462970985846
mu,1.0000102185032935
alpha,1.0000541897777864
