{
    "Hizb-I-Islami": {
        "W_std": [
            0.005878256545021483, 
            0.009681214853435708, 
            0.004688730503985519, 
            0.010235158461853442, 
            0.0008055319583703505, 
            0.004206843117239963, 
            0.016566235351860612, 
            0.004134677770025269
        ], 
        "B": 5.0, 
        "lambda_std": 0.00178629531290584, 
        "W": [
            0.021165684419112273, 
            0.023321531501641617, 
            0.02232785406426327, 
            0.04214285402521256, 
            0.006750246463714427, 
            0.016135726929694914, 
            0.05206383213031483, 
            0.023470382982315248
        ], 
        "lambda": 0.002509727004079487
    }, 
    "Tela Mohammed": {
        "W_std": [
            0.012000780758390693, 
            0.007776970267869235, 
            0.008961587217902236, 
            0.014155866095338377, 
            0.008610044906397033, 
            0.014111234222095453, 
            0.03286503929848009, 
            0.00784700996338201
        ], 
        "B": 5.0, 
        "lambda_std": 0.0007984987680645061, 
        "W": [
            0.036276400060806076, 
            0.03338168645988918, 
            0.025410178097537116, 
            0.03428561476503138, 
            0.03140901593663767, 
            0.04565616357381652, 
            0.07681308644625723, 
            0.029334568252862313
        ], 
        "lambda": 0.0010093842930050984
    }, 
    "Taliban": {
        "W_std": [
            2.548323643778607e-07, 
            3.783511838121233e-11, 
            0.0, 
            4.032840654208957e-06, 
            7.78053365993061e-08, 
            0.0, 
            0.005371642320784082, 
            5.336878260815544e-07
        ], 
        "B": 5.0, 
        "lambda_std": 0.00800002415680934, 
        "W": [
            7.025183324506506e-05, 
            6.151025799101508e-07, 
            0.0, 
            0.0002008193380680496, 
            3.693458481407113e-05, 
            0.0, 
            0.763912605051754, 
            7.305394076171081e-05
        ], 
        "lambda": 0.027068588448861668
    }, 
    "Opposition Group": {
        "W_std": [
            0.6162496098016661, 
            0.021050923092795753, 
            0.009618540670461272, 
            0.009570794904026108, 
            0.007605589116516102, 
            0.004085419041059223, 
            0.008795662621562627, 
            0.010519231229806383
        ], 
        "B": 5.0, 
        "lambda_std": 0.0013679281184808098, 
        "W": [
            0.6648277849772988, 
            0.06622235276468924, 
            0.03232100652949863, 
            0.026770827054262536, 
            0.03130759435076713, 
            0.021956970809228604, 
            0.044286112766742075, 
            0.03296623202611119
        ], 
        "lambda": 0.0032006230068327645
    }, 
    "Jaysh al-Muslimin (Army of the Muslims)": {
        "W_std": [
            0.004589774326723541, 
            0.004069672783573686, 
            0.006207406210283372, 
            0.010038491270598996, 
            0.0024362593714979124, 
            0.004349339436053235, 
            0.012179442476601519, 
            0.014117926303042788
        ], 
        "B": 5.0, 
        "lambda_std": 0.0009944371110230921, 
        "W": [
            0.019002255798669168, 
            0.021200111715004504, 
            0.022099279903121806, 
            0.029990015798009324, 
            0.013397789343357232, 
            0.019990378365433516, 
            0.03435540387484181, 
            0.04485521429012082
        ], 
        "lambda": 0.0013332992289526969
    }, 
    "Saif-ul-Muslimeen": {
        "W_std": [
            0.01778584824290836, 
            0.019516697313541626, 
            0.018934717442244918, 
            0.0283661782411351, 
            0.01772940324866358, 
            0.007752291444920244, 
            0.010113621048251245, 
            0.023530577450999606
        ], 
        "B": 5.0, 
        "lambda_std": 0.0008032161789530096, 
        "W": [
            0.052039489650238774, 
            0.050131319908310164, 
            0.047314927263299236, 
            0.07711172637696943, 
            0.042467737731958305, 
            0.02649011070526135, 
            0.0387462179776729, 
            0.05014075827251788
        ], 
        "lambda": 0.0010574809796506958
    }, 
    "Islamist Extremists": {
        "W_std": [
            0.013677779993069045, 
            0.016448869923359352, 
            0.016738201108037695, 
            0.06669354695611515, 
            0.015948905339719564, 
            0.006923565905829766, 
            0.02264706632546652, 
            0.025929009586394096
        ], 
        "B": 5.0, 
        "lambda_std": 0.0008891644098641386, 
        "W": [
            0.04344971744054546, 
            0.05255831029531024, 
            0.05715611575632779, 
            0.13695018485491492, 
            0.042225060003499175, 
            0.034242870033804544, 
            0.03751249463044779, 
            0.05803445563831164
        ], 
        "lambda": 0.0010690001626276631
    }, 
    "Al-Qaeda": {
        "W_std": [
            0.051515086151276826, 
            0.02251945763800608, 
            0.0002234867123749199, 
            0.0018678565089752228, 
            2.275794490632079e-05, 
            0.000908135966717872, 
            0.1083897123872771, 
            0.0005810837390274489
        ], 
        "B": 5.0, 
        "lambda_std": 0.004136154879786023, 
        "W": [
            0.14168308640005006, 
            0.1040769625322238, 
            0.0029822058702833492, 
            0.01357969038923713, 
            0.000575257805638858, 
            0.008424392560480892, 
            0.19080872630065382, 
            0.005324732621740746
        ], 
        "lambda": 0.006004618174487514
    }
}