{
    "People's Revolutionary Army (ERP)": {
        "W_std": [
            0.004005165105554773, 
            0.004496457573265832, 
            0.012582359657820069, 
            0.03062719932845069, 
            0.0034543065662918176
        ], 
        "B": 5.0, 
        "lambda_std": 0.0019225576038660454, 
        "W": [
            0.019836677709816924, 
            0.019868048105462614, 
            0.03579569883707941, 
            0.06079015347202353, 
            0.014313937217904919
        ], 
        "lambda": 0.00433870787403263
    }, 
    "Popular Liberation Army (EPL)": {
        "W_std": [
            0.0034381036431306447, 
            0.011856864262845776, 
            0.009206125971021908, 
            0.04200782540785391, 
            0.0038572048616681703
        ], 
        "B": 5.0, 
        "lambda_std": 0.0016071575304497042, 
        "W": [
            0.015378604237092149, 
            0.036080555370089216, 
            0.028765478564911726, 
            0.050639967392094164, 
            0.019348305411769587
        ], 
        "lambda": 0.0031204834686276604
    }, 
    "United Self Defense Units of Colombia (AUC)": {
        "W_std": [
            0.03761193191930563, 
            0.0028401782564668613, 
            0.00017062379119674184, 
            0.15901386017628558, 
            0.016721163650700956
        ], 
        "B": 5.0, 
        "lambda_std": 0.002202108187464387, 
        "W": [
            1.336522208675279, 
            0.026846333464199696, 
            0.002637880172375641, 
            3.0567624765035464, 
            0.8497919530690539
        ], 
        "lambda": 0.004812493982033604
    }, 
    "National Liberation Army of Colombia (ELN)": {
        "W_std": [
            0.0002575219902348368, 
            5.172559747574097e-05, 
            4.968057260679316e-05, 
            0.020752387129937776, 
            3.3407810159602016e-07
        ], 
        "B": 5.0, 
        "lambda_std": 0.0036138435791870102, 
        "W": [
            0.0020845788972204387, 
            0.0014439957438832694, 
            0.0016146580506212513, 
            0.05060730404236018, 
            6.50420131963628e-05
        ], 
        "lambda": 0.009527019237173336
    }, 
    "Revolutionary Armed Forces of Colombia (FARC)": {
        "W_std": [
            0.0, 
            5.557546620003206e-07, 
            2.1616668311759347e-06, 
            1.0423889325774572e-05, 
            0.0
        ], 
        "B": 5.0, 
        "lambda_std": 0.009668694749324311, 
        "W": [
            0.0, 
            7.454895451985368e-05, 
            0.0001470260803795003, 
            0.0004353020792228192, 
            0.0
        ], 
        "lambda": 0.060421275360489836
    }
}