{
    "Hizb-I-Islami": {
        "B": 5.0, 
        "W": [
            0.022495836535051505, 
            0.12350014780676484, 
            0.0, 
            0.0, 
            0.0, 
            0.04489263414961458, 
            0.0, 
            0.0
        ], 
        "lambda": 0.0023743439915108575
    }, 
    "Tela Mohammed": {
        "B": 5.0, 
        "W": [
            0.0, 
            0.0, 
            0.0, 
            0.0, 
            0.0, 
            0.0, 
            0.0, 
            0.054304517823222
        ], 
        "lambda": 0.00033372410012835264
    }, 
    "Taliban": {
        "B": 5.0, 
        "W": [
            0.0, 
            0.0, 
            0.0, 
            0.0, 
            0.0, 
            0.0, 
            0.7561827595378386, 
            0.0
        ], 
        "lambda": 0.022353938201298332
    }, 
    "Opposition Group": {
        "B": 5.0, 
        "W": [
            2.866086328261412, 
            0.0, 
            0.0, 
            0.0, 
            0.0, 
            0.0, 
            0.10298738403412035, 
            0.0
        ], 
        "lambda": 0.0014189011579857807
    }, 
    "Jaysh al-Muslimin (Army of the Muslims)": {
        "B": 5.0, 
        "W": [
            0.5512736530777589, 
            0.3822930585172527, 
            0.1324876343819881, 
            0.0, 
            0.013711541643849589, 
            0.0, 
            0.0, 
            0.5044039159973496
        ], 
        "lambda": 0.001143007485192155
    }, 
    "Saif-ul-Muslimeen": {
        "B": 5.0, 
        "W": [
            0.0, 
            0.0, 
            0.0, 
            0.07236347032683554, 
            0.0, 
            0.0, 
            0.06448754270074279, 
            0.0
        ], 
        "lambda": 0.0018065847325588566
    }, 
    "Islamist Extremists": {
        "B": 5.0, 
        "W": [
            0.0035423628003943396, 
            0.0, 
            0.0, 
            0.0, 
            0.0, 
            0.0104389771979052, 
            0.0, 
            0.0
        ], 
        "lambda": 0.0006063684210376465
    }, 
    "Al-Qaeda": {
        "B": 5.0, 
        "W": [
            0.0, 
            0.0, 
            0.0, 
            0.06244134233427045, 
            0.0, 
            0.0, 
            0.32552703152804013, 
            0.0
        ], 
        "lambda": 0.0011175055318019531
    }
}