{
    "People's Revolutionary Army (ERP)": {
        "B": 5.0, 
        "W": [
            0.0, 
            0.0, 
            0.0, 
            0.0, 
            0.0
        ], 
        "lambda": 0.005752131868614838
    }, 
    "Popular Liberation Army (EPL)": {
        "B": 5.0, 
        "W": [
            0.0, 
            0.0, 
            0.0, 
            0.0, 
            0.0
        ], 
        "lambda": 0.0028471359104701053
    }, 
    "United Self Defense Units of Colombia (AUC)": {
        "B": 5.0, 
        "W": [
            1.0610434515815441, 
            0.0, 
            0.0, 
            3.0365295913990304, 
            0.928711259141597
        ], 
        "lambda": 0.003271412658105632
    }, 
    "National Liberation Army of Colombia (ELN)": {
        "B": 5.0, 
        "W": [
            0.0, 
            0.0, 
            0.0, 
            0.0, 
            0.0
        ], 
        "lambda": 0.019206482632213983
    }, 
    "Revolutionary Armed Forces of Colombia (FARC)": {
        "B": 5.0, 
        "W": [
            0.0, 
            0.0, 
            0.0, 
            0.0, 
            0.0
        ], 
        "lambda": 0.06987807924473445
    }
}