,mu,alpha,beta
0,0.01236524695867,0.1228801113744,0.1575626137035
