Parameter,SRF
beta,1.000150202023999
mu,1.000047846773921
alpha,1.000183307712756
