{
    "Hizb-I-Islami": {
        "B": 5.0, 
        "W": [
            0.0, 
            0.0, 
            0.0, 
            0.0, 
            0.0, 
            0.0, 
            0.0, 
            0.0
        ], 
        "lambda": 0.00012377729582427116
    }, 
    "Tela Mohammed": {
        "B": 5.0, 
        "W": [
            0.24317561411297084, 
            0.3542715543269184, 
            0.14810575396108983, 
            0.6277956868394444, 
            0.2331735942195819, 
            0.28714435116860265, 
            0.5326067817028309, 
            0.18550959891943672
        ], 
        "lambda": 0.00030439894109807745
    }, 
    "Taliban": {
        "B": 5.0, 
        "W": [
            0.0, 
            0.0, 
            0.0, 
            0.0, 
            0.0, 
            0.0, 
            0.7494971973314576, 
            0.0
        ], 
        "lambda": 0.018472197770994365
    }, 
    "Opposition Group": {
        "B": 5.0, 
        "W": [
            2.63557408683679, 
            0.0, 
            0.0, 
            0.0, 
            0.025906401204487957, 
            0.0, 
            0.0, 
            0.0
        ], 
        "lambda": 0.003529569480797737
    }, 
    "Jaysh al-Muslimin (Army of the Muslims)": {
        "B": 5.0, 
        "W": [
            0.0, 
            0.0, 
            0.0, 
            0.0, 
            0.0, 
            0.0, 
            0.0, 
            0.0
        ], 
        "lambda": 0.00015958107003684365
    }, 
    "Saif-ul-Muslimeen": {
        "B": 5.0, 
        "W": [
            0.0, 
            0.0, 
            0.0, 
            0.0, 
            0.000949203889552181, 
            0.0, 
            0.9994002904119155, 
            0.0
        ], 
        "lambda": 0.00010891550108607424
    }, 
    "Islamist Extremists": {
        "B": 5.0, 
        "W": [
            0.0, 
            0.0, 
            0.0, 
            0.6992629465739513, 
            0.0, 
            0.0, 
            0.06432516317974724, 
            0.0
        ], 
        "lambda": 0.0004057139368353552
    }, 
    "Al-Qaeda": {
        "B": 5.0, 
        "W": [
            0.00419714993915839, 
            0.147088679825257, 
            0.11142620216745577, 
            0.0, 
            0.0, 
            0.12930404571374615, 
            0.9268158569151028, 
            0.04655098686603335
        ], 
        "lambda": 0.0024846987258525157
    }
}