,mu,alpha,beta
0,0.2116698737817,1.2969218415430002,1.774163922009
