Parameter,SRF
beta,1.0000353567470925
mu,1.0000186826217898
alpha,1.0000526896947577
