,mu,alpha,beta
0,0.05520650531419,0.1234396969056,1.697636778758
