Parameter,SRF
beta,1.0000538350784833
alpha,1.0001599371237666
mu,1.000010280155575
