,mu,alpha,beta
0,0.0068328213732,0.3226823611226,1.9635154015239997
