Parameter,SRF
mu,1.0000239210467095
beta,1.00014185341044
alpha,1.0001877388283416
