,mu,alpha,beta
0,0.006264527273997999,1.8778519127169997,1.968203203949
