Parameter,SRF
mu,1.0000432413989884
beta,1.0000184529954097
alpha,1.000114813811358
