{
    "Hizb-I-Islami": {
        "W_std": [
            0.0031955505381879587, 
            0.003589327639878214, 
            0.005473210997199106, 
            0.004134901927186078, 
            0.002369346040432606, 
            0.002335002352338479, 
            0.020729575262608383, 
            0.0064565559827217634
        ], 
        "B": 5.0, 
        "lambda_std": 0.0017856198597460977, 
        "W": [
            0.015889319153772407, 
            0.01960071060220115, 
            0.023407383164468765, 
            0.02667612416218461, 
            0.013228382972246199, 
            0.014230951143685172, 
            0.04847007904887801, 
            0.026454164196885108
        ], 
        "lambda": 0.0024895756911189424
    }, 
    "Tela Mohammed": {
        "W_std": [
            0.0029050740236224388, 
            0.009051194951545015, 
            0.01106324515866742, 
            0.017474174635098597, 
            0.015846948309007902, 
            0.011056522514091291, 
            0.015516508291939889, 
            0.006864133994927995
        ], 
        "B": 5.0, 
        "lambda_std": 0.0007602497367251231, 
        "W": [
            0.02130572144607374, 
            0.033361344547055354, 
            0.031303571920206996, 
            0.03735342830754782, 
            0.030734459316672683, 
            0.03298565826017457, 
            0.045308572726205774, 
            0.028344814729725776
        ], 
        "lambda": 0.0009142816072617458
    }, 
    "Taliban": {
        "W_std": [
            0.0, 
            0.0, 
            1.6117758730813978e-06, 
            8.822582382487669e-07, 
            0.0, 
            1.1620758524257473e-06, 
            0.007659274767689639, 
            0.0
        ], 
        "B": 5.0, 
        "lambda_std": 0.008094652347556956, 
        "W": [
            0.0, 
            0.0, 
            0.0001269557353206778, 
            0.00015681336710611304, 
            0.0, 
            0.00010779962209700687, 
            0.8008632827498479, 
            0.0
        ], 
        "lambda": 0.022057486782032988
    }, 
    "Opposition Group": {
        "W_std": [
            0.06597996276769579, 
            0.01337815749093854, 
            0.009823051309116388, 
            0.0023489712763200116, 
            0.003441973245359711, 
            0.006095018029017361, 
            0.00999566641898689, 
            0.0025587417452594984
        ], 
        "B": 5.0, 
        "lambda_std": 0.001110243261885765, 
        "W": [
            0.11553912437333066, 
            0.04346333869682548, 
            0.02831174405336971, 
            0.011115380677919595, 
            0.022927594442851508, 
            0.02138578202659506, 
            0.03687941723140017, 
            0.012281652998686705
        ], 
        "lambda": 0.0030888118366981473
    }, 
    "Jaysh al-Muslimin (Army of the Muslims)": {
        "W_std": [
            0.011336641817035113, 
            0.013508996336592555, 
            0.019129998026741788, 
            0.008630491544815884, 
            0.007813462687566646, 
            0.004832844694225524, 
            0.011981840821376774, 
            0.015078067744753726
        ], 
        "B": 5.0, 
        "lambda_std": 0.0009450514536366702, 
        "W": [
            0.03934687899811996, 
            0.043810582294372916, 
            0.047704746724309265, 
            0.0345404617870067, 
            0.031406471819146305, 
            0.020272586623863696, 
            0.04367598932165971, 
            0.05038708252002182
        ], 
        "lambda": 0.0013737105620799377
    }, 
    "Saif-ul-Muslimeen": {
        "W_std": [
            0.021918377721187723, 
            0.029986401449033875, 
            0.02098680420332972, 
            0.029194115881080097, 
            0.011321478839238432, 
            0.01908937300563572, 
            0.02959719407249755, 
            0.01662887745841108
        ], 
        "B": 5.0, 
        "lambda_std": 0.000662125534971621, 
        "W": [
            0.05875224273494994, 
            0.08809305004211833, 
            0.0684981954133669, 
            0.0871346978726813, 
            0.036169710326597417, 
            0.05871208451693871, 
            0.06944252521244629, 
            0.0472364994388741
        ], 
        "lambda": 0.000977449491597493
    }, 
    "Islamist Extremists": {
        "W_std": [
            0.007765871726473033, 
            0.011361315559685942, 
            0.009722919219523842, 
            0.012577373454384803, 
            0.002868843880732365, 
            0.011081474825954977, 
            0.033124006175091494, 
            0.01364269871435905
        ], 
        "B": 5.0, 
        "lambda_std": 0.0006892814207009087, 
        "W": [
            0.02743808810921748, 
            0.037536791576958085, 
            0.020373602576797926, 
            0.04837107546091492, 
            0.017407665151797303, 
            0.028533308711421478, 
            0.07201419756387947, 
            0.04848526396567012
        ], 
        "lambda": 0.0009282576747324081
    }, 
    "Al-Qaeda": {
        "W_std": [
            0.07906490754226873, 
            0.0205250824465438, 
            0.0005125346604355606, 
            0.0012674632056407543, 
            0.0002812543588861158, 
            0.0007705695247624709, 
            0.26549371015244927, 
            0.0006348723783505101
        ], 
        "B": 5.0, 
        "lambda_std": 0.003608888344925041, 
        "W": [
            0.24836821449208651, 
            0.12128957207966481, 
            0.006377230060175979, 
            0.008930428688192068, 
            0.004573233541550722, 
            0.009079175812435588, 
            0.29201112967678833, 
            0.006888967255463957
        ], 
        "lambda": 0.007318661300661504
    }
}