{
    "People's Revolutionary Army (ERP)": {
        "W_std": [
            0.020598941744520018, 
            0.005291582285727844, 
            0.023735245257171723, 
            0.04581944486018086, 
            0.0021555070642776163
        ], 
        "B": 5.0, 
        "lambda_std": 0.0019420375882166726, 
        "W": [
            0.036863917133560825, 
            0.017132460133786012, 
            0.0499119144586957, 
            0.09117521327354963, 
            0.011649470518818887
        ], 
        "lambda": 0.004951039433399119
    }, 
    "Popular Liberation Army (EPL)": {
        "W_std": [
            0.012445369635772937, 
            0.023547899122596715, 
            0.003844804875942588, 
            0.02797760311382568, 
            0.00410488567911708
        ], 
        "B": 5.0, 
        "lambda_std": 0.0014701129839170797, 
        "W": [
            0.039081774767674674, 
            0.04550978197827659, 
            0.018798813027351955, 
            0.05992521148004793, 
            0.013931895572474984
        ], 
        "lambda": 0.002757449189000839
    }, 
    "United Self Defense Units of Colombia (AUC)": {
        "W_std": [
            0.03480594155957496, 
            0.0020700741189346086, 
            0.000728622241521347, 
            0.16612499246912724, 
            0.01629629023838857
        ], 
        "B": 5.0, 
        "lambda_std": 0.0021345366491029886, 
        "W": [
            1.326109071594104, 
            0.016616743015420862, 
            0.007109826776350331, 
            3.066371623536287, 
            0.8059347372659305
        ], 
        "lambda": 0.004788200730720771
    }, 
    "National Liberation Army of Colombia (ELN)": {
        "W_std": [
            3.4931467684170006e-06, 
            7.410319561364096e-05, 
            0.00010022913088541796, 
            0.014453878522697921, 
            5.073855830730946e-07
        ], 
        "B": 5.0, 
        "lambda_std": 0.003383064881514495, 
        "W": [
            0.00024729546816112, 
            0.0014602167860229282, 
            0.0021680496257590665, 
            0.04103434398320099, 
            7.123100329723675e-05
        ], 
        "lambda": 0.009635309554343668
    }, 
    "Revolutionary Armed Forces of Colombia (FARC)": {
        "W_std": [
            0.0, 
            0.0, 
            0.0, 
            2.1070957188059774e-05, 
            0.0
        ], 
        "B": 5.0, 
        "lambda_std": 0.009742719069271604, 
        "W": [
            0.0, 
            0.0, 
            0.0, 
            0.0006974854477573036, 
            0.0
        ], 
        "lambda": 0.05933878645717808
    }
}