{
    "Hizb-I-Islami": {
        "B": 5.0, 
        "W": [
            0.0, 
            0.0, 
            0.0, 
            0.4169688923770668, 
            0.0, 
            0.0, 
            0.0, 
            0.0
        ], 
        "lambda": 0.0051280964916972606
    }, 
    "Tela Mohammed": {
        "B": 5.0, 
        "W": [
            0.28493738842052696, 
            0.0, 
            0.0, 
            0.0, 
            0.0, 
            0.16382873340621493, 
            0.0, 
            0.0
        ], 
        "lambda": 0.0006481542110411453
    }, 
    "Taliban": {
        "B": 5.0, 
        "W": [
            0.0, 
            0.0, 
            0.0, 
            0.0, 
            0.0, 
            0.0, 
            0.8020375737348713, 
            0.0
        ], 
        "lambda": 0.02989652062233122
    }, 
    "Opposition Group": {
        "B": 5.0, 
        "W": [
            0.0, 
            0.0, 
            0.0, 
            0.0, 
            0.0, 
            0.0, 
            0.0, 
            0.08044656152423822
        ], 
        "lambda": 0.0021679881069621106
    }, 
    "Jaysh al-Muslimin (Army of the Muslims)": {
        "B": 5.0, 
        "W": [
            0.0883763345699274, 
            0.04150486585814728, 
            0.0, 
            0.0, 
            0.0, 
            0.0, 
            0.0, 
            0.0
        ], 
        "lambda": 0.0006041370741955951
    }, 
    "Saif-ul-Muslimeen": {
        "B": 5.0, 
        "W": [
            0.24328644910141847, 
            0.0, 
            0.0, 
            0.0, 
            0.0, 
            0.0, 
            0.0, 
            0.0
        ], 
        "lambda": 0.0010108477386065228
    }, 
    "Islamist Extremists": {
        "B": 5.0, 
        "W": [
            0.04853097994611487, 
            0.0, 
            0.0, 
            0.0, 
            0.0, 
            0.0, 
            0.0, 
            0.0
        ], 
        "lambda": 0.0018649086890814466
    }, 
    "Al-Qaeda": {
        "B": 5.0, 
        "W": [
            0.0, 
            0.0, 
            0.0, 
            0.0, 
            0.0, 
            0.08938104481713097, 
            0.11920474968441758, 
            0.0
        ], 
        "lambda": 0.013202123590490427
    }
}