{
    "Hizb-I-Islami": {
        "B": 5.0, 
        "W": [
            0.0, 
            0.0, 
            0.0, 
            0.0, 
            0.0, 
            0.0, 
            0.0, 
            0.0
        ], 
        "lambda": 0.0026086407223505797
    }, 
    "Tela Mohammed": {
        "B": 5.0, 
        "W": [
            0.22970962417454527, 
            0.0, 
            0.0, 
            0.0, 
            0.029295982498203196, 
            0.0, 
            0.0, 
            0.0
        ], 
        "lambda": 0.0011554541567517873
    }, 
    "Taliban": {
        "B": 5.0, 
        "W": [
            0.0, 
            0.0, 
            0.0, 
            0.0, 
            0.0, 
            0.0, 
            0.9123485630821709, 
            0.0
        ], 
        "lambda": 0.017660385104058485
    }, 
    "Opposition Group": {
        "B": 5.0, 
        "W": [
            0.8559746799579533, 
            0.0, 
            0.0, 
            0.0, 
            0.32642666777498025, 
            0.0, 
            0.0, 
            0.0
        ], 
        "lambda": 0.002162323449961315
    }, 
    "Jaysh al-Muslimin (Army of the Muslims)": {
        "B": 5.0, 
        "W": [
            0.0, 
            0.0, 
            0.0, 
            0.23096314068787768, 
            0.0, 
            0.0, 
            0.0, 
            0.08093372123214312
        ], 
        "lambda": 0.0025857823994010647
    }, 
    "Saif-ul-Muslimeen": {
        "B": 5.0, 
        "W": [
            0.0, 
            0.0, 
            0.0, 
            0.0, 
            0.0, 
            0.0, 
            0.0, 
            0.0
        ], 
        "lambda": 0.0003476199346177117
    }, 
    "Islamist Extremists": {
        "B": 5.0, 
        "W": [
            0.0, 
            0.0, 
            0.0, 
            0.0, 
            0.0, 
            0.0, 
            0.6257856600458465, 
            0.0
        ], 
        "lambda": 0.0007097944876748445
    }, 
    "Al-Qaeda": {
        "B": 5.0, 
        "W": [
            0.0, 
            0.0291325384827464, 
            0.0, 
            0.0, 
            0.0, 
            0.013763196776078594, 
            0.0, 
            0.0
        ], 
        "lambda": 0.00407099710484836
    }
}