,mu,alpha,beta
0,0.03164059924225,11.750131742090002,32.309808272329995
