Parameter,SRF
beta,1.0000021360447753
mu,0.9999955264235048
alpha,1.0000249782992408
