{
    "Hizb-I-Islami": {
        "B": 5.0, 
        "W": [
            0.0684944631326058, 
            0.22260126070959638, 
            0.5003645092090533, 
            0.07455861235342796, 
            0.0, 
            0.0, 
            0.0, 
            0.0
        ], 
        "lambda": 0.0014408893562021005
    }, 
    "Tela Mohammed": {
        "B": 5.0, 
        "W": [
            0.0, 
            0.0, 
            0.0, 
            0.0, 
            0.0, 
            0.0, 
            0.0, 
            0.0
        ], 
        "lambda": 0.00020192779751415974
    }, 
    "Taliban": {
        "B": 5.0, 
        "W": [
            0.0, 
            0.0, 
            0.0, 
            0.0, 
            0.0, 
            0.0, 
            0.7655154410285109, 
            0.0
        ], 
        "lambda": 0.028929721124150577
    }, 
    "Opposition Group": {
        "B": 5.0, 
        "W": [
            0.0, 
            0.12595500239878005, 
            0.0, 
            0.0, 
            0.3991997298128556, 
            0.2861673544109532, 
            0.1594809148726315, 
            0.0
        ], 
        "lambda": 0.0022137514330960143
    }, 
    "Jaysh al-Muslimin (Army of the Muslims)": {
        "B": 5.0, 
        "W": [
            0.2862211414129202, 
            0.3448392962103656, 
            0.0638799212272805, 
            0.3334572976219948, 
            0.14985625677461287, 
            0.0, 
            0.4260067396705022, 
            0.0
        ], 
        "lambda": 0.0020919403139551276
    }, 
    "Saif-ul-Muslimeen": {
        "B": 5.0, 
        "W": [
            0.0, 
            0.0, 
            0.0, 
            0.0, 
            0.0, 
            0.0, 
            0.0, 
            0.0
        ], 
        "lambda": 0.0007145434940062711
    }, 
    "Islamist Extremists": {
        "B": 5.0, 
        "W": [
            0.21803655660234741, 
            0.3592800743103475, 
            0.08141566735647976, 
            0.21623492110747417, 
            0.0, 
            0.0, 
            0.0, 
            0.0
        ], 
        "lambda": 0.0004852494078021664
    }, 
    "Al-Qaeda": {
        "B": 5.0, 
        "W": [
            0.0, 
            0.0, 
            0.0, 
            0.0, 
            0.0, 
            0.0, 
            0.0, 
            0.0
        ], 
        "lambda": 0.013000366838224477
    }
}