{
    "Hizb-I-Islami": {
        "B": 5.0, 
        "W": [
            0.11640390427788705, 
            0.0, 
            0.0, 
            0.33087831200415163, 
            0.03457331101329862, 
            0.0, 
            0.0, 
            0.0
        ], 
        "lambda": 0.003637441677884572
    }, 
    "Tela Mohammed": {
        "B": 5.0, 
        "W": [
            0.0, 
            0.0, 
            0.0, 
            0.0, 
            0.0, 
            0.0, 
            0.0, 
            0.0
        ], 
        "lambda": 0.00029547979625779486
    }, 
    "Taliban": {
        "B": 5.0, 
        "W": [
            0.0, 
            0.0, 
            0.0, 
            0.0, 
            0.0, 
            0.0, 
            0.8559576570503803, 
            0.0
        ], 
        "lambda": 0.022097163303739596
    }, 
    "Opposition Group": {
        "B": 5.0, 
        "W": [
            0.0, 
            0.0, 
            0.0, 
            0.0, 
            0.0, 
            0.0, 
            0.0, 
            0.0
        ], 
        "lambda": 0.0039542616602869654
    }, 
    "Jaysh al-Muslimin (Army of the Muslims)": {
        "B": 5.0, 
        "W": [
            0.0, 
            0.0, 
            0.0, 
            0.0, 
            0.0, 
            0.0, 
            0.0, 
            0.0
        ], 
        "lambda": 0.0003043181658054089
    }, 
    "Saif-ul-Muslimeen": {
        "B": 5.0, 
        "W": [
            0.0, 
            0.0, 
            0.0, 
            0.0, 
            0.0, 
            0.0, 
            0.0, 
            0.0
        ], 
        "lambda": 0.0017766249790586478
    }, 
    "Islamist Extremists": {
        "B": 5.0, 
        "W": [
            0.0, 
            0.43184983350586853, 
            0.0, 
            0.0, 
            0.0, 
            0.0, 
            0.10650776151750367, 
            0.07706911869303024
        ], 
        "lambda": 0.0024294345541629996
    }, 
    "Al-Qaeda": {
        "B": 5.0, 
        "W": [
            0.8988809122539507, 
            0.07839154718331609, 
            0.0, 
            0.0, 
            0.0, 
            0.0, 
            0.583887289152091, 
            0.0
        ], 
        "lambda": 0.0008148337666984904
    }
}