{
    "Hizb-I-Islami": {
        "B": 5.0, 
        "W": [
            0.0, 
            0.0, 
            0.0, 
            0.0, 
            0.0, 
            0.0, 
            0.0, 
            0.0
        ], 
        "lambda": 0.0031489327315643773
    }, 
    "Tela Mohammed": {
        "B": 5.0, 
        "W": [
            0.0, 
            0.0, 
            0.0, 
            0.0, 
            0.0, 
            0.0, 
            0.0, 
            0.0
        ], 
        "lambda": 0.0007293280808328728
    }, 
    "Taliban": {
        "B": 5.0, 
        "W": [
            0.0, 
            0.0, 
            0.0, 
            0.0, 
            0.0, 
            0.0, 
            0.7659193244916961, 
            0.0
        ], 
        "lambda": 0.03068635894228629
    }, 
    "Opposition Group": {
        "B": 5.0, 
        "W": [
            0.0, 
            0.0, 
            0.0, 
            0.0, 
            0.0, 
            0.0, 
            0.0, 
            0.0
        ], 
        "lambda": 0.0011111395161287458
    }, 
    "Jaysh al-Muslimin (Army of the Muslims)": {
        "B": 5.0, 
        "W": [
            0.128028210053886, 
            0.1685661321542537, 
            0.26216224782714237, 
            0.0, 
            0.0736903697397376, 
            0.0, 
            0.07968505561197958, 
            0.01062244240852821
        ], 
        "lambda": 0.0015825504464208524
    }, 
    "Saif-ul-Muslimeen": {
        "B": 5.0, 
        "W": [
            0.0, 
            0.0, 
            0.0, 
            0.0, 
            0.0, 
            0.0, 
            0.0, 
            0.0
        ], 
        "lambda": 0.00042596226326319493
    }, 
    "Islamist Extremists": {
        "B": 5.0, 
        "W": [
            0.0, 
            0.0, 
            0.0, 
            0.0, 
            0.0, 
            0.0, 
            0.0, 
            0.0
        ], 
        "lambda": 0.0014074329573962692
    }, 
    "Al-Qaeda": {
        "B": 5.0, 
        "W": [
            0.05028240482792101, 
            0.08591182939330166, 
            0.0, 
            0.1297593163660785, 
            0.0, 
            0.0025279888919334725, 
            0.019449625691732926, 
            0.05297633542350781
        ], 
        "lambda": 0.010303087678812843
    }
}