{
    "Hizb-I-Islami": {
        "B": 5.0, 
        "W": [
            0.0, 
            0.0, 
            0.0, 
            0.0, 
            0.0, 
            0.0, 
            0.0, 
            0.0
        ], 
        "lambda": 0.0005829094170680512
    }, 
    "Tela Mohammed": {
        "B": 5.0, 
        "W": [
            0.2667361858328748, 
            0.0, 
            0.0, 
            0.3247228102750958, 
            0.2976572027192616, 
            0.0, 
            0.0, 
            0.0
        ], 
        "lambda": 0.0005074625430702481
    }, 
    "Taliban": {
        "B": 5.0, 
        "W": [
            0.0, 
            0.0, 
            0.0, 
            0.0, 
            0.0, 
            0.0, 
            0.6918771924458704, 
            0.0
        ], 
        "lambda": 0.03440775491755366
    }, 
    "Opposition Group": {
        "B": 5.0, 
        "W": [
            0.5229725171841241, 
            0.0, 
            0.0, 
            0.0, 
            0.0, 
            0.08406256375224817, 
            0.0, 
            0.0
        ], 
        "lambda": 0.003331788624894545
    }, 
    "Jaysh al-Muslimin (Army of the Muslims)": {
        "B": 5.0, 
        "W": [
            0.0, 
            0.0, 
            0.0, 
            0.0, 
            0.0, 
            0.0, 
            0.0, 
            0.0
        ], 
        "lambda": 0.0016344405078959616
    }, 
    "Saif-ul-Muslimeen": {
        "B": 5.0, 
        "W": [
            0.0, 
            0.0, 
            0.0, 
            0.0, 
            0.0, 
            0.0, 
            0.0, 
            0.0
        ], 
        "lambda": 0.0007231179244735497
    }, 
    "Islamist Extremists": {
        "B": 5.0, 
        "W": [
            0.0, 
            0.0, 
            0.0, 
            0.10210562967971215, 
            0.0, 
            0.0, 
            0.0, 
            0.0
        ], 
        "lambda": 0.0006997164914032721
    }, 
    "Al-Qaeda": {
        "B": 5.0, 
        "W": [
            0.0, 
            0.1667156099179251, 
            0.0, 
            0.0, 
            0.0, 
            0.0, 
            0.7912385367434525, 
            0.0
        ], 
        "lambda": 0.009714055882740234
    }
}