{
    "Hizb-I-Islami": {
        "B": 5.0, 
        "W": [
            0.0, 
            0.0, 
            0.0, 
            0.051418131289560964, 
            0.0, 
            0.0, 
            0.5496049512612684, 
            0.0
        ], 
        "lambda": 0.0003795603397995386
    }, 
    "Tela Mohammed": {
        "B": 5.0, 
        "W": [
            0.0, 
            0.0, 
            0.0, 
            0.0, 
            0.0, 
            0.0, 
            0.0, 
            0.0
        ], 
        "lambda": 0.00045051363592414325
    }, 
    "Taliban": {
        "B": 5.0, 
        "W": [
            0.0, 
            0.0, 
            0.0, 
            0.0026166680034430266, 
            0.0, 
            0.0, 
            0.6648868327611044, 
            0.0
        ], 
        "lambda": 0.01720229360522121
    }, 
    "Opposition Group": {
        "B": 5.0, 
        "W": [
            2.420286386732883, 
            0.0, 
            0.0, 
            0.0, 
            0.0, 
            0.0, 
            0.0, 
            0.0
        ], 
        "lambda": 0.0017941229949940485
    }, 
    "Jaysh al-Muslimin (Army of the Muslims)": {
        "B": 5.0, 
        "W": [
            0.0, 
            0.001681816567088046, 
            0.0, 
            0.0, 
            0.03720279308649962, 
            0.0, 
            0.0, 
            0.0
        ], 
        "lambda": 0.0007815574384488956
    }, 
    "Saif-ul-Muslimeen": {
        "B": 5.0, 
        "W": [
            0.0, 
            0.30406707193345556, 
            0.0, 
            0.25197080621776924, 
            0.16034854159227196, 
            0.0, 
            0.8841839022620789, 
            0.0
        ], 
        "lambda": 0.0008182730517621406
    }, 
    "Islamist Extremists": {
        "B": 5.0, 
        "W": [
            0.0, 
            0.0, 
            0.0, 
            0.0, 
            0.0, 
            0.0, 
            0.0, 
            0.0
        ], 
        "lambda": 0.005774388404055035
    }, 
    "Al-Qaeda": {
        "B": 5.0, 
        "W": [
            0.17547938086658957, 
            0.10087382295557794, 
            0.0, 
            0.0, 
            0.08819858631040374, 
            0.0, 
            1.7305055976123973, 
            0.0
        ], 
        "lambda": 0.0001212732139070856
    }
}