{
    "People's Revolutionary Army (ERP)": {
        "B": 5.0, 
        "W": [
            0.0, 
            0.0, 
            0.02971891976602653, 
            0.04852469067535782, 
            0.0
        ], 
        "lambda": 0.005490257848898149
    }, 
    "Popular Liberation Army (EPL)": {
        "B": 5.0, 
        "W": [
            0.0, 
            0.0, 
            0.04376103058364064, 
            0.07061738904762936, 
            0.0
        ], 
        "lambda": 0.0031160123237531797
    }, 
    "United Self Defense Units of Colombia (AUC)": {
        "B": 5.0, 
        "W": [
            1.4317464348585163, 
            0.0, 
            0.0, 
            2.990052746448911, 
            1.0323146361941298
        ], 
        "lambda": 0.0036144372278973536
    }, 
    "National Liberation Army of Colombia (ELN)": {
        "B": 5.0, 
        "W": [
            0.0, 
            0.0, 
            0.0, 
            0.0, 
            0.0
        ], 
        "lambda": 0.013916829774103821
    }, 
    "Revolutionary Armed Forces of Colombia (FARC)": {
        "B": 5.0, 
        "W": [
            0.0, 
            0.0, 
            0.0, 
            0.0, 
            0.0
        ], 
        "lambda": 0.06878779372162752
    }
}