{
    "Hizb-I-Islami": {
        "B": 5.0, 
        "W": [
            0.0, 
            0.0, 
            0.0, 
            0.0, 
            0.0, 
            0.0, 
            0.0, 
            0.0
        ], 
        "lambda": 0.002158573757514793
    }, 
    "Tela Mohammed": {
        "B": 5.0, 
        "W": [
            0.0, 
            0.0, 
            0.0, 
            0.0, 
            0.0, 
            0.0, 
            0.0, 
            0.0
        ], 
        "lambda": 0.0014422967285426702
    }, 
    "Taliban": {
        "B": 5.0, 
        "W": [
            0.0, 
            0.0, 
            0.0, 
            0.0, 
            0.0, 
            0.0, 
            0.6938057392437733, 
            0.0
        ], 
        "lambda": 0.0386153701822685
    }, 
    "Opposition Group": {
        "B": 5.0, 
        "W": [
            1.1887557225749341, 
            0.0, 
            0.0, 
            0.0, 
            0.0, 
            0.0, 
            0.0, 
            0.0
        ], 
        "lambda": 0.002141755365851134
    }, 
    "Jaysh al-Muslimin (Army of the Muslims)": {
        "B": 5.0, 
        "W": [
            0.0, 
            0.0, 
            0.030596005356709196, 
            0.26870977710934674, 
            0.0, 
            0.6379163620921225, 
            0.10269979751363795, 
            0.0
        ], 
        "lambda": 0.001553625731787598
    }, 
    "Saif-ul-Muslimeen": {
        "B": 5.0, 
        "W": [
            0.17104204347741206, 
            0.1794561865808713, 
            0.5862266580051312, 
            0.0, 
            0.0, 
            0.0, 
            0.0, 
            0.3495134268228315
        ], 
        "lambda": 0.003168401073052432
    }, 
    "Islamist Extremists": {
        "B": 5.0, 
        "W": [
            0.0, 
            0.0, 
            0.0, 
            0.0, 
            0.0, 
            0.0, 
            0.0, 
            0.0
        ], 
        "lambda": 0.00079730227143433
    }, 
    "Al-Qaeda": {
        "B": 5.0, 
        "W": [
            0.0, 
            0.0, 
            0.0, 
            0.0, 
            0.0, 
            0.0, 
            0.0, 
            0.0
        ], 
        "lambda": 0.0051281274530095
    }
}