{
    "Hizb-I-Islami": {
        "B": 5.0, 
        "W": [
            0.0, 
            0.0, 
            0.0, 
            0.0, 
            0.0, 
            0.0, 
            0.0, 
            0.0
        ], 
        "lambda": 0.0037703780759107217
    }, 
    "Tela Mohammed": {
        "B": 5.0, 
        "W": [
            0.0, 
            0.0, 
            0.0, 
            0.0, 
            0.0, 
            0.0, 
            0.0, 
            0.0
        ], 
        "lambda": 0.0032275603362557476
    }, 
    "Taliban": {
        "B": 5.0, 
        "W": [
            0.0, 
            0.0, 
            0.0, 
            0.0, 
            0.0, 
            0.00579694078425915, 
            0.7172435520683147, 
            0.0
        ], 
        "lambda": 0.025162248559312223
    }, 
    "Opposition Group": {
        "B": 5.0, 
        "W": [
            1.0425435305275088, 
            0.0, 
            0.16866000542880463, 
            0.0, 
            0.3789138984177548, 
            0.0, 
            0.08595173875352594, 
            0.0
        ], 
        "lambda": 0.004357914258624372
    }, 
    "Jaysh al-Muslimin (Army of the Muslims)": {
        "B": 5.0, 
        "W": [
            0.0, 
            0.0, 
            0.0, 
            0.0, 
            0.0, 
            0.0, 
            0.0, 
            0.0
        ], 
        "lambda": 0.0005699785955488694
    }, 
    "Saif-ul-Muslimeen": {
        "B": 5.0, 
        "W": [
            0.0, 
            0.0, 
            0.0, 
            0.0, 
            0.0, 
            0.0, 
            0.0, 
            0.0
        ], 
        "lambda": 0.0010611062228539584
    }, 
    "Islamist Extremists": {
        "B": 5.0, 
        "W": [
            0.22308494247065666, 
            0.0, 
            0.7814894594599273, 
            0.11262949914399521, 
            0.10887540253581765, 
            0.0, 
            0.07535752199716572, 
            0.0
        ], 
        "lambda": 0.0004528725478169635
    }, 
    "Al-Qaeda": {
        "B": 5.0, 
        "W": [
            0.0, 
            0.0, 
            0.0, 
            0.0, 
            0.0, 
            0.03690360642799618, 
            1.2977034786938677, 
            0.0
        ], 
        "lambda": 0.00807859130073779
    }
}