{
    "People's Revolutionary Army (ERP)": {
        "B": 5.0, 
        "W": [
            0.28285412625735107, 
            0.0, 
            0.14313788509891104, 
            1.7694203694987212, 
            0.15116102246313262
        ], 
        "lambda": 0.0038710845308571537
    }, 
    "Popular Liberation Army (EPL)": {
        "B": 5.0, 
        "W": [
            0.0, 
            0.0, 
            0.0, 
            0.0, 
            0.0
        ], 
        "lambda": 0.001796645943550546
    }, 
    "United Self Defense Units of Colombia (AUC)": {
        "B": 5.0, 
        "W": [
            1.6827950355906984, 
            0.0, 
            0.0026349646507906454, 
            2.9819468102816202, 
            0.7769118291761901
        ], 
        "lambda": 0.0050437435455305745
    }, 
    "National Liberation Army of Colombia (ELN)": {
        "B": 5.0, 
        "W": [
            0.0, 
            0.0, 
            0.0, 
            0.0, 
            0.0
        ], 
        "lambda": 0.011350671924624786
    }, 
    "Revolutionary Armed Forces of Colombia (FARC)": {
        "B": 5.0, 
        "W": [
            0.0, 
            0.0, 
            0.0, 
            0.0, 
            0.0
        ], 
        "lambda": 0.05289470991099723
    }
}