{
    "Hizb-I-Islami": {
        "W_std": [
            0.002993267781499778, 
            0.007958467901514247, 
            0.005137375039878939, 
            0.007484909766668896, 
            0.0014167792948142166, 
            0.006194974351864848, 
            0.016347966536479634, 
            0.009843328058296645
        ], 
        "B": 5.0, 
        "lambda_std": 0.0015959179931027724, 
        "W": [
            0.017487038951746445, 
            0.025084524641253943, 
            0.03138305693218365, 
            0.02954375847903072, 
            0.009209263639536853, 
            0.023867285203793047, 
            0.04503440293305839, 
            0.0332839940550324
        ], 
        "lambda": 0.002315142814285747
    }, 
    "Tela Mohammed": {
        "W_std": [
            0.008462475866672486, 
            0.004183950104346152, 
            0.005553060280816669, 
            0.009186548165271985, 
            0.00975516511080781, 
            0.007597403971021798, 
            0.007782717816595869, 
            0.011341649573493933
        ], 
        "B": 5.0, 
        "lambda_std": 0.0007856995485371628, 
        "W": [
            0.029448961683969137, 
            0.018254554751698536, 
            0.024321556912821278, 
            0.03515306665253322, 
            0.030481378703761153, 
            0.027259567949231307, 
            0.030006877738311018, 
            0.025616481231681292
        ], 
        "lambda": 0.0009488110144158784
    }, 
    "Taliban": {
        "W_std": [
            3.417932804276269e-07, 
            0.0, 
            1.4668198916452215e-07, 
            1.9547114399731237e-07, 
            3.506029981584553e-08, 
            0.0, 
            0.008847627500516797, 
            2.659326459448309e-07
        ], 
        "B": 5.0, 
        "lambda_std": 0.00844125485897295, 
        "W": [
            6.662779883427515e-05, 
            0.0, 
            3.829908473639052e-05, 
            7.709717057454179e-05, 
            2.6414408625309867e-05, 
            0.0, 
            0.7848878845280823, 
            5.156865772393453e-05
        ], 
        "lambda": 0.024466490163387165
    }, 
    "Opposition Group": {
        "W_std": [
            0.5012851852740485, 
            0.0221869219801506, 
            0.0027478295581993863, 
            0.004495500153406366, 
            0.010637547751502864, 
            0.010283579665369982, 
            0.005720694132650728, 
            0.009081358170063041
        ], 
        "B": 5.0, 
        "lambda_std": 0.001121799923612145, 
        "W": [
            0.5551510101228808, 
            0.06371110768314317, 
            0.01604605080758929, 
            0.022958572483675187, 
            0.03345546780701086, 
            0.036986692506038865, 
            0.023570884880274614, 
            0.024110886262385046
        ], 
        "lambda": 0.0029319930235736434
    }, 
    "Jaysh al-Muslimin (Army of the Muslims)": {
        "W_std": [
            0.01583463030020193, 
            0.006721023869104274, 
            0.008738301163833373, 
            0.005792432195516933, 
            0.01418132872048323, 
            0.012059632741104756, 
            0.03711195185639554, 
            0.010942750841137865
        ], 
        "B": 5.0, 
        "lambda_std": 0.0007986632550587919, 
        "W": [
            0.03914655756889464, 
            0.03231782162897469, 
            0.030386348559739484, 
            0.02699868660942103, 
            0.05127260539638938, 
            0.03740828994269999, 
            0.061493375966710506, 
            0.04870351955087795
        ], 
        "lambda": 0.0011980295880594733
    }, 
    "Saif-ul-Muslimeen": {
        "W_std": [
            0.010956250188652877, 
            0.033386179233422485, 
            0.040338030868285184, 
            0.023790194102965765, 
            0.008667403103141342, 
            0.008413081324539046, 
            0.039970127505688145, 
            0.036107114315616314
        ], 
        "B": 5.0, 
        "lambda_std": 0.0006823085551923335, 
        "W": [
            0.035232417739333076, 
            0.07306581072242797, 
            0.07017029401233732, 
            0.061421140906220625, 
            0.02864460067032983, 
            0.03026133099215265, 
            0.09753701940651925, 
            0.07196676966226445
        ], 
        "lambda": 0.0008475257520490303
    }, 
    "Islamist Extremists": {
        "W_std": [
            0.01934116824206044, 
            0.01003954616506643, 
            0.013732028329292437, 
            0.02178340334551694, 
            0.010987789015993421, 
            0.005677223174851728, 
            0.011048988064475412, 
            0.016111513211434936
        ], 
        "B": 5.0, 
        "lambda_std": 0.0006216684570274182, 
        "W": [
            0.04713722446230963, 
            0.03518532453212641, 
            0.052689900840622056, 
            0.07668480630325812, 
            0.036174810086155584, 
            0.024769575759871966, 
            0.03081872160296145, 
            0.04722836084579179
        ], 
        "lambda": 0.0008808167995099346
    }, 
    "Al-Qaeda": {
        "W_std": [
            0.054695120314999124, 
            0.013843593161495521, 
            0.0008389593648419582, 
            0.003732065909101636, 
            0.000250409206655581, 
            0.001211479845667843, 
            0.16124184170108938, 
            0.0004886548212081185
        ], 
        "B": 5.0, 
        "lambda_std": 0.003893026907226525, 
        "W": [
            0.1684062533642283, 
            0.09585713662365686, 
            0.008016192343535582, 
            0.01645614753917037, 
            0.003506995010668844, 
            0.009220324000229521, 
            0.25662643990025447, 
            0.0054616379026942476
        ], 
        "lambda": 0.006769626524375047
    }
}