{
    "People's Revolutionary Army (ERP)": {
        "W_std": [
            0.010402535744650148, 
            0.004774485173675562, 
            0.019088307388062397, 
            0.02647345419028947, 
            0.000855521232135844
        ], 
        "B": 5.0, 
        "lambda_std": 0.0019515448033882628, 
        "W": [
            0.029833693408049814, 
            0.017002815669834716, 
            0.052677869373395206, 
            0.05597739255800939, 
            0.005849398089587153
        ], 
        "lambda": 0.004754408757924101
    }, 
    "Popular Liberation Army (EPL)": {
        "W_std": [
            0.013676259763356976, 
            0.011435889754129373, 
            0.007863164256775947, 
            0.039055679262055644, 
            0.0032127920173844094
        ], 
        "B": 5.0, 
        "lambda_std": 0.0014331473549745839, 
        "W": [
            0.034555934158803585, 
            0.03655028167047306, 
            0.021793120447964588, 
            0.07406616156289351, 
            0.015245983616261158
        ], 
        "lambda": 0.0028939429219570216
    }, 
    "United Self Defense Units of Colombia (AUC)": {
        "W_std": [
            0.036274336793432706, 
            0.003042543260507743, 
            0.00030503948328504605, 
            0.14427236665759186, 
            0.020520162659771454
        ], 
        "B": 5.0, 
        "lambda_std": 0.0020653368864156137, 
        "W": [
            1.3045996312170463, 
            0.02153986607902231, 
            0.004047734520631165, 
            2.929741501139255, 
            0.8305237164469131
        ], 
        "lambda": 0.0047412771550077925
    }, 
    "National Liberation Army of Colombia (ELN)": {
        "W_std": [
            0.0, 
            1.8215488372808432e-05, 
            4.7232126390163354e-05, 
            0.004904832019094271, 
            4.056187089774819e-06
        ], 
        "B": 5.0, 
        "lambda_std": 0.003831391653314099, 
        "W": [
            0.0, 
            0.000606994525079033, 
            0.0013408588681862045, 
            0.015063037420017005, 
            0.00020139977879269876
        ], 
        "lambda": 0.009809676317216036
    }, 
    "Revolutionary Armed Forces of Colombia (FARC)": {
        "W_std": [
            2.3637217046650876e-06, 
            1.082598488698748e-06, 
            1.1716692129173435e-06, 
            1.145856677408743e-06, 
            1.8801614103623722e-08
        ], 
        "B": 5.0, 
        "lambda_std": 0.011460847388397548, 
        "W": [
            0.00015374399840855857, 
            0.00012884276515589443, 
            0.00010824367015753607, 
            0.00010704469521693937, 
            1.3711897791197147e-05
        ], 
        "lambda": 0.06511150265362536
    }
}