{
    "Hizb-I-Islami": {
        "B": 5.0, 
        "W": [
            0.0, 
            0.0, 
            0.0, 
            0.0, 
            0.0, 
            0.0, 
            0.0, 
            0.0
        ], 
        "lambda": 0.00016664614747187177
    }, 
    "Tela Mohammed": {
        "B": 5.0, 
        "W": [
            0.043314899125761586, 
            0.3749534366578481, 
            0.08549218878733209, 
            0.5491005288392461, 
            0.13797732234148202, 
            0.21048136243256582, 
            0.2235445964869015, 
            0.32175872884952894
        ], 
        "lambda": 0.00021536402003307373
    }, 
    "Taliban": {
        "B": 5.0, 
        "W": [
            0.0, 
            0.0, 
            0.0, 
            0.0, 
            0.0, 
            0.0, 
            0.8334524784489787, 
            0.0
        ], 
        "lambda": 0.02385647456627953
    }, 
    "Opposition Group": {
        "B": 5.0, 
        "W": [
            2.0155316046735967, 
            0.0, 
            0.0, 
            0.0, 
            0.0, 
            0.0, 
            0.0, 
            0.0
        ], 
        "lambda": 0.003770880931023407
    }, 
    "Jaysh al-Muslimin (Army of the Muslims)": {
        "B": 5.0, 
        "W": [
            0.0, 
            0.0, 
            0.0, 
            0.0, 
            0.0, 
            0.0, 
            0.0, 
            0.0
        ], 
        "lambda": 0.00037992541346376185
    }, 
    "Saif-ul-Muslimeen": {
        "B": 5.0, 
        "W": [
            0.0, 
            0.0, 
            0.0, 
            0.4358240890903597, 
            0.0, 
            0.0, 
            0.0, 
            0.0
        ], 
        "lambda": 0.0004675407620344217
    }, 
    "Islamist Extremists": {
        "B": 5.0, 
        "W": [
            0.0, 
            0.0, 
            0.0, 
            0.0, 
            0.0, 
            0.0, 
            0.0, 
            0.0
        ], 
        "lambda": 0.0005386835049170931
    }, 
    "Al-Qaeda": {
        "B": 5.0, 
        "W": [
            0.0, 
            0.584448063688366, 
            0.0, 
            0.0, 
            0.0, 
            0.0, 
            0.0, 
            0.0
        ], 
        "lambda": 0.008475115585168568
    }
}