{
    "People's Revolutionary Army (ERP)": {
        "B": 5.0, 
        "W": [
            0.0, 
            0.0, 
            0.0, 
            0.0, 
            0.0
        ], 
        "lambda": 0.0022247344357050713
    }, 
    "Popular Liberation Army (EPL)": {
        "B": 5.0, 
        "W": [
            0.0, 
            0.0398477774204331, 
            0.0, 
            0.007487821161942295, 
            0.0
        ], 
        "lambda": 0.0034698904175527435
    }, 
    "United Self Defense Units of Colombia (AUC)": {
        "B": 5.0, 
        "W": [
            1.1224479520817061, 
            0.12750680180209625, 
            0.0, 
            0.0, 
            0.8520556427770578
        ], 
        "lambda": 0.0039261797568124245
    }, 
    "National Liberation Army of Colombia (ELN)": {
        "B": 5.0, 
        "W": [
            0.0, 
            0.0, 
            0.0, 
            2.103485541835578, 
            0.0
        ], 
        "lambda": 0.010347862359159929
    }, 
    "Revolutionary Armed Forces of Colombia (FARC)": {
        "B": 5.0, 
        "W": [
            0.0, 
            0.0, 
            0.0, 
            0.0, 
            0.0
        ], 
        "lambda": 0.05892260613097505
    }
}