{
    "Hizb-I-Islami": {
        "W_std": [
            0.005030642852484278, 
            0.003272230339091627, 
            0.008395150448165923, 
            0.0076314643263984796, 
            0.00397542021024321, 
            0.006774685534090593, 
            0.028260737320750576, 
            0.010634889028251271
        ], 
        "B": 5.0, 
        "lambda_std": 0.001741214510153801, 
        "W": [
            0.023730345613038346, 
            0.020707483317690577, 
            0.022717455060750222, 
            0.028129822565118003, 
            0.014020664925411992, 
            0.0217638030672266, 
            0.06866228591137803, 
            0.02441587876950063
        ], 
        "lambda": 0.0022105286051424633
    }, 
    "Tela Mohammed": {
        "W_std": [
            0.015036342958889984, 
            0.017727915205523023, 
            0.007166329746557085, 
            0.028302993899634046, 
            0.013805246968088691, 
            0.00851287992901926, 
            0.010553423009022102, 
            0.012345267566688047
        ], 
        "B": 5.0, 
        "lambda_std": 0.0007995503011333952, 
        "W": [
            0.03847796373143733, 
            0.042701956544494976, 
            0.03067466347777207, 
            0.046861424202815444, 
            0.03530970441382225, 
            0.03694697082841977, 
            0.04083609447734477, 
            0.03628884541643699
        ], 
        "lambda": 0.0010029581979895698
    }, 
    "Taliban": {
        "W_std": [
            7.774526177743252e-08, 
            0.0, 
            6.757801439060764e-07, 
            2.104214044206739e-06, 
            2.2804782960326816e-07, 
            2.1306643297148227e-09, 
            0.009803556798745661, 
            6.5111203564781e-07
        ], 
        "B": 5.0, 
        "lambda_std": 0.008448843136091752, 
        "W": [
            3.7150142652499346e-05, 
            0.0, 
            8.220584796144836e-05, 
            0.00015278923471637794, 
            4.7754353686681624e-05, 
            4.615911968089112e-06, 
            0.73263104553032, 
            8.069151353443643e-05
        ], 
        "lambda": 0.027291925194633408
    }, 
    "Opposition Group": {
        "W_std": [
            0.5828377164428584, 
            0.01487787952464401, 
            0.004325160745489884, 
            0.0023038276304753855, 
            0.007203268332733726, 
            0.008071625080288415, 
            0.009652642919917093, 
            0.004228910651144316
        ], 
        "B": 5.0, 
        "lambda_std": 0.0014364279832479675, 
        "W": [
            0.61232337120544, 
            0.04205670158941174, 
            0.02136383948499135, 
            0.01644255497597554, 
            0.03274813412366842, 
            0.041423789628159235, 
            0.03965704266346261, 
            0.019861163989447643
        ], 
        "lambda": 0.0033974453810634675
    }, 
    "Jaysh al-Muslimin (Army of the Muslims)": {
        "W_std": [
            0.0070359693381826655, 
            0.011439555114153257, 
            0.004352699607278139, 
            0.0059357562657566185, 
            0.0072584832400925565, 
            0.0035809582806374347, 
            0.0299634568022084, 
            0.01596044698672975
        ], 
        "B": 5.0, 
        "lambda_std": 0.0009421570491613201, 
        "W": [
            0.024334151072229773, 
            0.039850689153550146, 
            0.020746719683405496, 
            0.02543076442597205, 
            0.02615895462408553, 
            0.019613955331518183, 
            0.05593294888845955, 
            0.05508491583464484
        ], 
        "lambda": 0.001244754642691931
    }, 
    "Saif-ul-Muslimeen": {
        "W_std": [
            0.010967454188446643, 
            0.015817825201473307, 
            0.01830629175033039, 
            0.018025118167345894, 
            0.00743722700106998, 
            0.028621131852701667, 
            0.0457426355940976, 
            0.008892070108872123
        ], 
        "B": 5.0, 
        "lambda_std": 0.0008797761835085149, 
        "W": [
            0.04219501425122766, 
            0.05475458798795969, 
            0.04998831304523309, 
            0.0643654493693749, 
            0.02981978508225696, 
            0.06340976778223545, 
            0.09432929429459379, 
            0.039991636575288536
        ], 
        "lambda": 0.001004740670656805
    }, 
    "Islamist Extremists": {
        "W_std": [
            0.020576156422281323, 
            0.012581528823787025, 
            0.008827251900868681, 
            0.04036293912157467, 
            0.012719781502990527, 
            0.012115173388034466, 
            0.05172347274511914, 
            0.02728919586022245
        ], 
        "B": 5.0, 
        "lambda_std": 0.0006451970645212383, 
        "W": [
            0.04145396066594048, 
            0.04518462794768771, 
            0.038795378447923336, 
            0.07343086681997221, 
            0.04519836354490921, 
            0.03419575270998606, 
            0.09956361591838897, 
            0.05258633159350127
        ], 
        "lambda": 0.0010024175859321635
    }, 
    "Al-Qaeda": {
        "W_std": [
            0.06245948782469364, 
            0.02249132019839877, 
            0.00045689212420413355, 
            0.0032566595769885657, 
            0.00017597355589442828, 
            0.0013272312583010848, 
            0.485947572234709, 
            0.00037090704322546766
        ], 
        "B": 5.0, 
        "lambda_std": 0.004031365295868192, 
        "W": [
            0.16619683507655006, 
            0.13862292275769159, 
            0.005958400244062524, 
            0.02126737061832343, 
            0.002727577108048414, 
            0.01260280007387224, 
            0.41205450130859045, 
            0.005016929648757815
        ], 
        "lambda": 0.006548260993200324
    }
}