{
    "People's Revolutionary Army (ERP)": {
        "W_std": [
            0.008663781280190743, 
            0.013161173190193309, 
            0.0271608630969472, 
            0.049323239548077144, 
            0.0004979830658088199
        ], 
        "B": 5.0, 
        "lambda_std": 0.002120606527500258, 
        "W": [
            0.020627703848084877, 
            0.016978471713844763, 
            0.07367208566702653, 
            0.07332470385998405, 
            0.003859644299704185
        ], 
        "lambda": 0.0046322054293987044
    }, 
    "Popular Liberation Army (EPL)": {
        "W_std": [
            0.00470964658109742, 
            0.009096149279002064, 
            0.004104044133328244, 
            0.009402094028152572, 
            0.003164055227416794
        ], 
        "B": 5.0, 
        "lambda_std": 0.0013822506240069767, 
        "W": [
            0.024044772968582373, 
            0.032120618398919, 
            0.022398638896317595, 
            0.0369495489064946, 
            0.016281841183134103
        ], 
        "lambda": 0.0026408839253107058
    }, 
    "United Self Defense Units of Colombia (AUC)": {
        "W_std": [
            0.0314393376663974, 
            0.002105544607244569, 
            0.0006657194838357739, 
            0.11923317812601654, 
            0.013419434234496826
        ], 
        "B": 5.0, 
        "lambda_std": 0.0024335420233110496, 
        "W": [
            1.3011208105902885, 
            0.018870265399543538, 
            0.004920429089230233, 
            3.0855924361095943, 
            0.8096085548869769
        ], 
        "lambda": 0.005056983880094682
    }, 
    "National Liberation Army of Colombia (ELN)": {
        "W_std": [
            0.0, 
            0.00018264399956749902, 
            3.136367586434576e-05, 
            0.013556833677875394, 
            1.83656686270352e-05
        ], 
        "B": 5.0, 
        "lambda_std": 0.0036064905424899223, 
        "W": [
            0.0, 
            0.0022360311923985644, 
            0.0013644307404542945, 
            0.031524411798057525, 
            0.000594187874103871
        ], 
        "lambda": 0.010261435368572571
    }, 
    "Revolutionary Armed Forces of Colombia (FARC)": {
        "W_std": [
            0.0, 
            0.0, 
            0.0, 
            2.3672847841891484e-05, 
            1.1311557113574024e-08
        ], 
        "B": 5.0, 
        "lambda_std": 0.009145338856535219, 
        "W": [
            0.0, 
            0.0, 
            0.0, 
            0.0007637765366221069, 
            1.0635580432479472e-05
        ], 
        "lambda": 0.0595197708201547
    }
}