{
    "Hizb-I-Islami": {
        "B": 5.0, 
        "W": [
            0.0, 
            0.0, 
            0.0, 
            0.0, 
            0.0, 
            0.0, 
            0.0, 
            0.0
        ], 
        "lambda": 0.0017290109480649208
    }, 
    "Tela Mohammed": {
        "B": 5.0, 
        "W": [
            0.34056725484004957, 
            0.19001023805427325, 
            0.14745438850636558, 
            0.07677503940373512, 
            0.044687937343937695, 
            0.056459156642417824, 
            0.0, 
            0.03643317313095532
        ], 
        "lambda": 0.0017470637571078609
    }, 
    "Taliban": {
        "B": 5.0, 
        "W": [
            0.0, 
            0.0, 
            0.0, 
            0.0, 
            0.0, 
            0.0, 
            0.783293656195311, 
            0.0
        ], 
        "lambda": 0.02263078292901575
    }, 
    "Opposition Group": {
        "B": 5.0, 
        "W": [
            0.0, 
            0.0, 
            0.0, 
            0.0, 
            0.0, 
            0.0, 
            0.0, 
            0.0
        ], 
        "lambda": 0.0020166948345400437
    }, 
    "Jaysh al-Muslimin (Army of the Muslims)": {
        "B": 5.0, 
        "W": [
            0.0, 
            0.0, 
            0.0, 
            0.0, 
            0.0, 
            0.0, 
            0.0, 
            0.0
        ], 
        "lambda": 0.0006999523600515987
    }, 
    "Saif-ul-Muslimeen": {
        "B": 5.0, 
        "W": [
            0.04556244834251652, 
            0.050771003441373475, 
            0.038410310741365236, 
            0.2458389437350724, 
            0.03371190223134146, 
            1.3306847156120707, 
            0.0, 
            0.09336896865234132
        ], 
        "lambda": 0.00019949834701640107
    }, 
    "Islamist Extremists": {
        "B": 5.0, 
        "W": [
            0.0, 
            0.0, 
            0.14365195201305758, 
            0.0, 
            0.0, 
            0.0, 
            0.0, 
            0.1392377203283702
        ], 
        "lambda": 0.0014296844899103728
    }, 
    "Al-Qaeda": {
        "B": 5.0, 
        "W": [
            0.0, 
            0.21298689949602195, 
            0.0, 
            0.0, 
            0.0, 
            0.0, 
            0.0, 
            0.04619304505381833
        ], 
        "lambda": 0.012347637548820664
    }
}