{
    "Hizb-I-Islami": {
        "B": 5.0, 
        "W": [
            0.0, 
            0.0, 
            0.0, 
            0.0, 
            0.0, 
            0.0, 
            1.4081624424050145, 
            0.028557877583140157
        ], 
        "lambda": 0.00569772548338545
    }, 
    "Tela Mohammed": {
        "B": 5.0, 
        "W": [
            0.0, 
            0.0, 
            0.0, 
            0.2707707898697018, 
            0.48376415507200216, 
            0.11409194515810654, 
            0.0, 
            0.0
        ], 
        "lambda": 0.001448963029923545
    }, 
    "Taliban": {
        "B": 5.0, 
        "W": [
            0.0, 
            0.0, 
            0.0, 
            0.0, 
            0.0, 
            0.0, 
            0.6548738247694471, 
            0.0
        ], 
        "lambda": 0.01774624647806118
    }, 
    "Opposition Group": {
        "B": 5.0, 
        "W": [
            0.798010926958627, 
            0.0, 
            0.0, 
            0.0, 
            0.05765765355336808, 
            0.0, 
            0.0, 
            0.0
        ], 
        "lambda": 0.003747229512799082
    }, 
    "Jaysh al-Muslimin (Army of the Muslims)": {
        "B": 5.0, 
        "W": [
            0.0, 
            0.29779906830104363, 
            0.0, 
            0.09854723925434829, 
            0.05945263260612626, 
            0.31761567468470475, 
            0.0, 
            0.2191004447242519
        ], 
        "lambda": 6.200163775697834e-05
    }, 
    "Saif-ul-Muslimeen": {
        "B": 5.0, 
        "W": [
            0.0, 
            0.0, 
            0.0, 
            0.033185228704187796, 
            0.3087940218996619, 
            0.6721075604550267, 
            0.0, 
            0.0
        ], 
        "lambda": 0.002936737123098349
    }, 
    "Islamist Extremists": {
        "B": 5.0, 
        "W": [
            0.0, 
            0.0, 
            0.026924168979310693, 
            0.1444578137357424, 
            0.0, 
            0.18366214846180676, 
            0.32481781523673764, 
            0.0
        ], 
        "lambda": 0.001967751149393777
    }, 
    "Al-Qaeda": {
        "B": 5.0, 
        "W": [
            0.0, 
            0.0, 
            0.0, 
            0.07829217030400559, 
            0.0, 
            0.0, 
            1.1122963420316878, 
            0.0
        ], 
        "lambda": 0.01246792697812171
    }
}