{
    "People's Revolutionary Army (ERP)": {
        "B": 5.0, 
        "W": [
            0.0, 
            0.0, 
            0.0, 
            0.008465908507953588, 
            0.0
        ], 
        "lambda": 0.002883088995959635
    }, 
    "Popular Liberation Army (EPL)": {
        "B": 5.0, 
        "W": [
            0.0, 
            0.0, 
            0.0, 
            0.0, 
            0.0
        ], 
        "lambda": 0.0017162658607642303
    }, 
    "United Self Defense Units of Colombia (AUC)": {
        "B": 5.0, 
        "W": [
            1.2133127871993323, 
            0.06263988521609334, 
            0.127485672602029, 
            2.3459104433326505, 
            0.7314091542487543
        ], 
        "lambda": 0.0041360939038642954
    }, 
    "National Liberation Army of Colombia (ELN)": {
        "B": 5.0, 
        "W": [
            0.0, 
            0.0, 
            0.0, 
            0.1696526466149782, 
            0.0
        ], 
        "lambda": 0.01899594647457605
    }, 
    "Revolutionary Armed Forces of Colombia (FARC)": {
        "B": 5.0, 
        "W": [
            0.0, 
            0.0, 
            0.0, 
            0.0, 
            0.0
        ], 
        "lambda": 0.06345953086090445
    }
}