,mu,alpha,beta
0,0.005601237255791,2.9325527298880005,3.969840238066
