Parameter,SRF
beta,1.00004718843954
mu,1.0000044283556613
alpha,1.0000813457180746
