{
    "Hizb-I-Islami": {
        "B": 5.0, 
        "W": [
            0.3406911730529228, 
            0.0, 
            0.0, 
            0.021947353600516313, 
            0.0, 
            0.0, 
            0.0, 
            0.0
        ], 
        "lambda": 0.0027304166845233476
    }, 
    "Tela Mohammed": {
        "B": 5.0, 
        "W": [
            0.4567363915624182, 
            0.1962433290025736, 
            0.1916537866057573, 
            0.1528539337912719, 
            0.2447343428317554, 
            0.1705761245244909, 
            0.0, 
            0.0
        ], 
        "lambda": 0.0007435787688776897
    }, 
    "Taliban": {
        "B": 5.0, 
        "W": [
            0.0, 
            0.0, 
            0.0, 
            0.0, 
            0.0, 
            0.0, 
            0.612205119882376, 
            0.0
        ], 
        "lambda": 0.03367982980244341
    }, 
    "Opposition Group": {
        "B": 5.0, 
        "W": [
            0.7479796488349667, 
            0.0, 
            0.0, 
            0.0, 
            0.0, 
            0.0, 
            0.0, 
            0.0
        ], 
        "lambda": 0.003478264018798302
    }, 
    "Jaysh al-Muslimin (Army of the Muslims)": {
        "B": 5.0, 
        "W": [
            0.0, 
            0.0, 
            0.0, 
            0.0, 
            0.0, 
            0.0, 
            0.0, 
            0.0
        ], 
        "lambda": 0.0027554486595231034
    }, 
    "Saif-ul-Muslimeen": {
        "B": 5.0, 
        "W": [
            0.0, 
            0.0, 
            0.0, 
            0.0, 
            0.0, 
            0.0, 
            0.1432186470837761, 
            0.0
        ], 
        "lambda": 0.0010730298498025541
    }, 
    "Islamist Extremists": {
        "B": 5.0, 
        "W": [
            0.0, 
            0.0, 
            0.0, 
            0.0, 
            0.0, 
            0.0, 
            0.0, 
            0.0
        ], 
        "lambda": 0.002649463263498077
    }, 
    "Al-Qaeda": {
        "B": 5.0, 
        "W": [
            0.0, 
            0.0, 
            0.0, 
            0.0, 
            0.0, 
            0.0, 
            0.0, 
            0.0
        ], 
        "lambda": 0.004955079263463123
    }
}