{
    "People's Revolutionary Army (ERP)": {
        "B": 5.0, 
        "W": [
            0.0, 
            0.0, 
            0.0, 
            0.0, 
            0.0
        ], 
        "lambda": 0.0038831355844208028
    }, 
    "Popular Liberation Army (EPL)": {
        "B": 5.0, 
        "W": [
            0.0, 
            0.0, 
            0.0, 
            0.0, 
            0.0
        ], 
        "lambda": 0.0021539282944512644
    }, 
    "United Self Defense Units of Colombia (AUC)": {
        "B": 5.0, 
        "W": [
            1.4007992468541788, 
            0.0, 
            0.0, 
            3.2581528530614134, 
            0.767435415982699
        ], 
        "lambda": 0.005984463257066573
    }, 
    "National Liberation Army of Colombia (ELN)": {
        "B": 5.0, 
        "W": [
            0.0, 
            0.0, 
            0.05846598430888851, 
            0.0, 
            0.0
        ], 
        "lambda": 0.011250965725155822
    }, 
    "Revolutionary Armed Forces of Colombia (FARC)": {
        "B": 5.0, 
        "W": [
            0.0, 
            0.0, 
            0.0, 
            0.0, 
            0.0
        ], 
        "lambda": 0.05891713794306419
    }
}