{
    "Hizb-I-Islami": {
        "B": 5.0, 
        "W": [
            0.03299118939015585, 
            0.0, 
            0.0, 
            0.0, 
            0.0, 
            0.255818105266627, 
            0.0, 
            0.0
        ], 
        "lambda": 0.004981110729653143
    }, 
    "Tela Mohammed": {
        "B": 5.0, 
        "W": [
            0.0, 
            0.0, 
            0.0, 
            0.0, 
            0.0, 
            0.0, 
            0.0, 
            0.0
        ], 
        "lambda": 0.0007689160920637306
    }, 
    "Taliban": {
        "B": 5.0, 
        "W": [
            0.0, 
            0.0, 
            0.0, 
            0.0, 
            0.0, 
            0.0, 
            0.8996671375082482, 
            0.0
        ], 
        "lambda": 0.015015459857217885
    }, 
    "Opposition Group": {
        "B": 5.0, 
        "W": [
            2.0540239848760584, 
            0.11068849577817891, 
            0.0, 
            0.0, 
            0.00207017924047898, 
            0.0, 
            0.0, 
            0.0
        ], 
        "lambda": 0.002368486385634902
    }, 
    "Jaysh al-Muslimin (Army of the Muslims)": {
        "B": 5.0, 
        "W": [
            0.0, 
            0.0, 
            0.0, 
            0.03384955492549835, 
            0.0, 
            0.0, 
            0.0, 
            0.0
        ], 
        "lambda": 0.000978307087212138
    }, 
    "Saif-ul-Muslimeen": {
        "B": 5.0, 
        "W": [
            0.2632155017257113, 
            0.0, 
            0.290250514971346, 
            0.0, 
            0.5734615931434798, 
            0.6451398212907998, 
            0.0, 
            0.0
        ], 
        "lambda": 0.0005849058795095061
    }, 
    "Islamist Extremists": {
        "B": 5.0, 
        "W": [
            0.0, 
            0.0, 
            0.0, 
            0.07835734768866841, 
            0.0, 
            0.0, 
            0.0, 
            0.0
        ], 
        "lambda": 0.001665734775054324
    }, 
    "Al-Qaeda": {
        "B": 5.0, 
        "W": [
            0.0, 
            0.0, 
            0.0, 
            0.04695170900799025, 
            0.0, 
            0.0, 
            0.0, 
            0.0
        ], 
        "lambda": 0.0013519830125675524
    }
}