{
    "People's Revolutionary Army (ERP)": {
        "B": 5.0, 
        "W": [
            0.03215538779275393, 
            0.0, 
            0.0, 
            0.12802816828014743, 
            0.1424426935154883
        ], 
        "lambda": 0.002392854236518883
    }, 
    "Popular Liberation Army (EPL)": {
        "B": 5.0, 
        "W": [
            0.0, 
            0.0, 
            0.0, 
            0.0, 
            0.0
        ], 
        "lambda": 0.004076434523298052
    }, 
    "United Self Defense Units of Colombia (AUC)": {
        "B": 5.0, 
        "W": [
            1.4796967325187096, 
            0.0781310361885709, 
            0.0, 
            2.2894793922676597, 
            0.9017078851526377
        ], 
        "lambda": 0.0055049433137758595
    }, 
    "National Liberation Army of Colombia (ELN)": {
        "B": 5.0, 
        "W": [
            0.0, 
            0.0, 
            0.0, 
            0.0, 
            0.0
        ], 
        "lambda": 0.009929746856035373
    }, 
    "Revolutionary Armed Forces of Colombia (FARC)": {
        "B": 5.0, 
        "W": [
            0.0, 
            0.0, 
            0.0, 
            0.0, 
            0.0
        ], 
        "lambda": 0.06847053024390057
    }
}