{
    "Hizb-I-Islami": {
        "B": 5.0, 
        "W": [
            0.02788522189596547, 
            0.0, 
            0.06337470976023808, 
            0.05371336463024032, 
            0.0, 
            0.0, 
            0.634354315899029, 
            0.0
        ], 
        "lambda": 0.002184582167468836
    }, 
    "Tela Mohammed": {
        "B": 5.0, 
        "W": [
            0.0, 
            0.0, 
            0.0, 
            0.0, 
            0.0, 
            0.0, 
            0.0, 
            0.0
        ], 
        "lambda": 0.0004916828298534705
    }, 
    "Taliban": {
        "B": 5.0, 
        "W": [
            0.0, 
            0.0, 
            0.0, 
            0.0, 
            0.0, 
            0.0, 
            0.8164201715118522, 
            0.0
        ], 
        "lambda": 0.026937982119056663
    }, 
    "Opposition Group": {
        "B": 5.0, 
        "W": [
            0.0, 
            0.0, 
            0.0, 
            0.0, 
            0.0, 
            0.0, 
            0.0, 
            0.0
        ], 
        "lambda": 0.0014517692323022325
    }, 
    "Jaysh al-Muslimin (Army of the Muslims)": {
        "B": 5.0, 
        "W": [
            0.1363364025539464, 
            0.2708456246467156, 
            0.40259277806866683, 
            0.3470980194935746, 
            0.0, 
            0.0, 
            0.0, 
            0.0
        ], 
        "lambda": 0.00010626749404125554
    }, 
    "Saif-ul-Muslimeen": {
        "B": 5.0, 
        "W": [
            0.0, 
            0.0, 
            0.0, 
            0.0, 
            0.0, 
            0.0, 
            0.10742893234758083, 
            0.17809492183624617
        ], 
        "lambda": 0.0010415099488188413
    }, 
    "Islamist Extremists": {
        "B": 5.0, 
        "W": [
            0.0, 
            0.0, 
            0.0, 
            0.0, 
            0.0, 
            0.0, 
            0.0049766832689830676, 
            0.24087067097876497
        ], 
        "lambda": 0.0008916710283285433
    }, 
    "Al-Qaeda": {
        "B": 5.0, 
        "W": [
            0.0, 
            0.19910129949263083, 
            0.0, 
            0.1461055202266931, 
            0.0, 
            0.0, 
            0.0, 
            0.0
        ], 
        "lambda": 0.006885711758147631
    }
}