,mu,alpha,beta
0,0.01947937668746,0.650413651607,1.9730218893019997
