Parameter,SRF
beta,1.0001185916316917
mu,1.0000323317186495
alpha,1.0001288312948935
