{
    "Hizb-I-Islami": {
        "B": 5.0, 
        "W": [
            0.0, 
            0.0, 
            0.0, 
            0.2626462046479642, 
            0.0, 
            0.0, 
            0.0, 
            0.14417114709252823
        ], 
        "lambda": 0.004574360599196023
    }, 
    "Tela Mohammed": {
        "B": 5.0, 
        "W": [
            0.0, 
            0.0, 
            0.1513062808959487, 
            0.0, 
            0.0, 
            0.0, 
            0.0034312331027210583, 
            0.0
        ], 
        "lambda": 0.00018791418717243843
    }, 
    "Taliban": {
        "B": 5.0, 
        "W": [
            0.0, 
            0.0, 
            0.0, 
            0.0, 
            0.0, 
            0.0, 
            0.8583112505319477, 
            0.0
        ], 
        "lambda": 0.03418892113366448
    }, 
    "Opposition Group": {
        "B": 5.0, 
        "W": [
            0.0, 
            0.0, 
            0.0, 
            0.0, 
            0.0, 
            0.0, 
            0.0, 
            0.0
        ], 
        "lambda": 0.0042204152312775465
    }, 
    "Jaysh al-Muslimin (Army of the Muslims)": {
        "B": 5.0, 
        "W": [
            0.0, 
            0.09359839514679527, 
            0.0, 
            0.0, 
            0.0, 
            0.1628375824539189, 
            0.0, 
            0.0
        ], 
        "lambda": 0.0013661145473524493
    }, 
    "Saif-ul-Muslimeen": {
        "B": 5.0, 
        "W": [
            0.0, 
            0.0, 
            0.0, 
            0.07365465428161337, 
            0.0, 
            0.0, 
            0.0, 
            0.28034058268088147
        ], 
        "lambda": 0.000640357056035899
    }, 
    "Islamist Extremists": {
        "B": 5.0, 
        "W": [
            0.0, 
            0.0, 
            0.7302269365988961, 
            0.30193669111724714, 
            0.0, 
            0.0, 
            0.03658858445799711, 
            0.03528935060254404
        ], 
        "lambda": 0.0008090325007814047
    }, 
    "Al-Qaeda": {
        "B": 5.0, 
        "W": [
            0.5635019406712237, 
            0.0, 
            0.0, 
            0.003041701008254482, 
            0.0, 
            0.08498761497475936, 
            0.22814586454669486, 
            0.19106940310030998
        ], 
        "lambda": 0.0075903109622723975
    }
}