,mu,alpha,beta
0,0.006748769455400999,1.136596538036,2.8777470233709996
