Parameter,SRF
alpha,1.0000444006144724
beta,1.0000929193535453
mu,1.0000064707195622
