,mu,alpha,beta
0,0.0038202886808029997,0.4077619402181999,1.516207119307
