Parameter,SRF
mu,1.000011298459387
beta,1.000159688489156
alpha,1.0002302471425453
