{
    "Hizb-I-Islami": {
        "B": 5.0, 
        "W": [
            0.0, 
            0.0, 
            0.0, 
            0.0, 
            0.0, 
            0.0, 
            0.0, 
            0.0
        ], 
        "lambda": 0.0026954387348368373
    }, 
    "Tela Mohammed": {
        "B": 5.0, 
        "W": [
            0.0, 
            0.0, 
            0.0, 
            0.0, 
            0.0, 
            0.0, 
            0.0, 
            0.0
        ], 
        "lambda": 0.0008143893599843842
    }, 
    "Taliban": {
        "B": 5.0, 
        "W": [
            0.012506806719364839, 
            0.0, 
            0.0, 
            0.0, 
            0.0, 
            0.0, 
            0.708865853381979, 
            0.0
        ], 
        "lambda": 0.02080656161271959
    }, 
    "Opposition Group": {
        "B": 5.0, 
        "W": [
            0.7118040858192661, 
            0.21914151950218194, 
            0.0, 
            0.22965953433032119, 
            0.0, 
            0.38424327435132466, 
            0.11621770183764057, 
            0.0
        ], 
        "lambda": 0.005038813480731121
    }, 
    "Jaysh al-Muslimin (Army of the Muslims)": {
        "B": 5.0, 
        "W": [
            0.0, 
            0.0, 
            0.0, 
            0.0, 
            0.0, 
            0.0, 
            0.0, 
            0.0
        ], 
        "lambda": 0.0006313852908554926
    }, 
    "Saif-ul-Muslimeen": {
        "B": 5.0, 
        "W": [
            0.0, 
            0.0, 
            0.0, 
            0.0, 
            0.0, 
            0.0, 
            0.0, 
            0.0
        ], 
        "lambda": 0.00046987821981503885
    }, 
    "Islamist Extremists": {
        "B": 5.0, 
        "W": [
            0.0, 
            0.0, 
            0.0, 
            0.0, 
            0.0, 
            0.0, 
            0.0, 
            0.0
        ], 
        "lambda": 0.0008883486609781718
    }, 
    "Al-Qaeda": {
        "B": 5.0, 
        "W": [
            0.2471441277006943, 
            0.0, 
            0.0, 
            0.0, 
            0.0, 
            0.0, 
            1.1365958479256304, 
            0.0
        ], 
        "lambda": 0.0045217491806825265
    }
}