,mu,alpha,beta
0,0.9495571896094999,0.5859888102006,1.131286589723
