Parameter,SRF
mu,1.0000119032112131
beta,1.0000755472040144
alpha,1.0000735079759677
