{
    "Hizb-I-Islami": {
        "B": 5.0, 
        "W": [
            0.0, 
            0.0, 
            0.0, 
            0.0, 
            0.0, 
            0.0, 
            0.0, 
            0.0
        ], 
        "lambda": 0.001032277347469098
    }, 
    "Tela Mohammed": {
        "B": 5.0, 
        "W": [
            0.0, 
            0.0, 
            0.0, 
            0.0, 
            0.0, 
            0.0, 
            1.1477608429148716, 
            0.0
        ], 
        "lambda": 0.000921666109346833
    }, 
    "Taliban": {
        "B": 5.0, 
        "W": [
            0.0, 
            0.0, 
            0.0, 
            0.0, 
            0.0, 
            0.0, 
            0.7297914532585422, 
            0.0
        ], 
        "lambda": 0.026141669618375163
    }, 
    "Opposition Group": {
        "B": 5.0, 
        "W": [
            1.328860085910176, 
            0.0, 
            0.0, 
            0.0, 
            0.0, 
            0.0, 
            0.0, 
            0.0
        ], 
        "lambda": 0.004634355459197465
    }, 
    "Jaysh al-Muslimin (Army of the Muslims)": {
        "B": 5.0, 
        "W": [
            0.0, 
            0.0, 
            0.0, 
            0.0, 
            0.0, 
            0.0, 
            0.0, 
            0.0
        ], 
        "lambda": 0.0005121194123611998
    }, 
    "Saif-ul-Muslimeen": {
        "B": 5.0, 
        "W": [
            0.32327114867115825, 
            0.15386055936278525, 
            0.25679335697819833, 
            0.04532079337661261, 
            0.17907713140847514, 
            0.018460120651922495, 
            0.0, 
            0.0
        ], 
        "lambda": 0.0004677470207269306
    }, 
    "Islamist Extremists": {
        "B": 5.0, 
        "W": [
            0.0, 
            0.0, 
            0.0, 
            0.0, 
            0.0, 
            0.0, 
            0.0, 
            0.0
        ], 
        "lambda": 0.0016848975850122824
    }, 
    "Al-Qaeda": {
        "B": 5.0, 
        "W": [
            0.0, 
            0.3071802619525211, 
            0.0, 
            0.0, 
            0.0, 
            0.0, 
            0.0, 
            0.0
        ], 
        "lambda": 0.0033336091606584813
    }
}