,mu,alpha,beta
0,0.017014188401470003,0.7208476733302001,3.389522330566
