Parameter,SRF
beta,1.00010221696512
mu,1.0000236911309244
alpha,1.000126171658933
