,mu,alpha,beta
0,0.09326733209384999,1.573939735936,1.874964886406
