Parameter,SRF
alpha,1.0001343312020419
beta,1.0000426638665172
mu,0.9999949099234231
