{
    "Hizb-I-Islami": {
        "B": 5.0, 
        "W": [
            0.0, 
            0.0, 
            0.0, 
            0.0, 
            0.0, 
            0.0, 
            0.0, 
            0.0
        ], 
        "lambda": 0.0016439967577585456
    }, 
    "Tela Mohammed": {
        "B": 5.0, 
        "W": [
            0.0, 
            0.0, 
            0.0, 
            0.0, 
            0.3652583168250188, 
            0.11326534586662099, 
            0.009468929235210128, 
            0.0
        ], 
        "lambda": 0.00022706600521761518
    }, 
    "Taliban": {
        "B": 5.0, 
        "W": [
            0.0, 
            0.0, 
            0.0, 
            0.0, 
            0.0, 
            0.0, 
            0.7419753574188864, 
            0.0
        ], 
        "lambda": 0.02234616575435412
    }, 
    "Opposition Group": {
        "B": 5.0, 
        "W": [
            0.21299591047595542, 
            0.013356790701928167, 
            0.0, 
            0.0, 
            0.0, 
            0.0, 
            0.0, 
            0.056835477902772345
        ], 
        "lambda": 0.0014218912227936698
    }, 
    "Jaysh al-Muslimin (Army of the Muslims)": {
        "B": 5.0, 
        "W": [
            0.19236388728598897, 
            0.3404254129987217, 
            0.16701339041074253, 
            0.0, 
            0.0, 
            0.0, 
            0.0, 
            0.729674522633109
        ], 
        "lambda": 0.0011352707981074183
    }, 
    "Saif-ul-Muslimeen": {
        "B": 5.0, 
        "W": [
            0.0, 
            0.0, 
            0.3021959030406058, 
            0.0, 
            0.04282158163054656, 
            0.13986576902542888, 
            0.0, 
            0.0
        ], 
        "lambda": 0.0014736458562829371
    }, 
    "Islamist Extremists": {
        "B": 5.0, 
        "W": [
            0.0, 
            0.0, 
            0.0, 
            0.843581484564287, 
            0.0, 
            0.0, 
            0.0, 
            0.0
        ], 
        "lambda": 0.00013182364595715467
    }, 
    "Al-Qaeda": {
        "B": 5.0, 
        "W": [
            0.3628803677481896, 
            0.3909371131564446, 
            0.0, 
            0.0, 
            0.0, 
            0.0, 
            0.7289674093588216, 
            0.0
        ], 
        "lambda": 0.004584536423842338
    }
}