{
    "Hizb-I-Islami": {
        "W_std": [
            0.0032328921813087365, 
            0.003402196580976836, 
            0.003819227002909225, 
            0.006642542098965018, 
            0.0007467503413344356, 
            0.003899832212282916, 
            0.03977785848414761, 
            0.0076961611734109175
        ], 
        "B": 5.0, 
        "lambda_std": 0.0019265809670457631, 
        "W": [
            0.01989831674946816, 
            0.020839106055313916, 
            0.021247164252633333, 
            0.03193057915774542, 
            0.006170742295608328, 
            0.020848964161078, 
            0.07427851612915716, 
            0.023439963157035407
        ], 
        "lambda": 0.0028130465527522164
    }, 
    "Tela Mohammed": {
        "W_std": [
            0.008721093126629182, 
            0.00834976481319944, 
            0.024058148310936587, 
            0.009188968567133148, 
            0.02380321764699422, 
            0.008938701525727797, 
            0.020798621657790742, 
            0.011621519364789584
        ], 
        "B": 5.0, 
        "lambda_std": 0.0005912004769616145, 
        "W": [
            0.03757428201494351, 
            0.033782554726135, 
            0.060780031917644306, 
            0.03469060800554958, 
            0.053869179004524266, 
            0.046622965101929606, 
            0.043352400849082894, 
            0.04234865993140353
        ], 
        "lambda": 0.0008439940774613982
    }, 
    "Taliban": {
        "W_std": [
            0.0, 
            2.6431818968714216e-07, 
            0.0, 
            0.0, 
            0.0, 
            1.4130274583718753e-06, 
            0.006078714383244212, 
            4.157045147576834e-06
        ], 
        "B": 5.0, 
        "lambda_std": 0.007977077331898947, 
        "W": [
            0.0, 
            5.1411884782328396e-05, 
            0.0, 
            0.0, 
            0.0, 
            0.0001338797765600443, 
            0.7687768151792649, 
            0.00020388833089651881
        ], 
        "lambda": 0.025410795628896983
    }, 
    "Opposition Group": {
        "W_std": [
            0.30487342807556694, 
            0.020521334789897105, 
            0.005963703345243129, 
            0.0013522444247048477, 
            0.005946884363030835, 
            0.00783945034218713, 
            0.016210697852600566, 
            0.0004708750366182299
        ], 
        "B": 5.0, 
        "lambda_std": 0.001319369104334503, 
        "W": [
            0.4442781360987972, 
            0.06145453675333496, 
            0.030156776210817384, 
            0.009965185886590391, 
            0.026357068386573704, 
            0.03667704873044822, 
            0.042913261571362785, 
            0.005232442729234634
        ], 
        "lambda": 0.0031450166276258476
    }, 
    "Jaysh al-Muslimin (Army of the Muslims)": {
        "W_std": [
            0.007189757679393884, 
            0.008500984366874124, 
            0.0037740987503447503, 
            0.010482624049099326, 
            0.006209174889115017, 
            0.0034998116514490434, 
            0.02361251837367406, 
            0.03058746996772006
        ], 
        "B": 5.0, 
        "lambda_std": 0.0009758996754989613, 
        "W": [
            0.03360938376226295, 
            0.035549831251679515, 
            0.023743488046458053, 
            0.039034576407353735, 
            0.02893941665530656, 
            0.017918529863948107, 
            0.05850187241920946, 
            0.074392313560669
        ], 
        "lambda": 0.001371377267981936
    }, 
    "Saif-ul-Muslimeen": {
        "W_std": [
            0.012061142555922878, 
            0.049026423266094916, 
            0.013566275698596773, 
            0.035817868099139984, 
            0.01572166870549373, 
            0.010260737160869737, 
            0.034222184608630496, 
            0.016766568121077036
        ], 
        "B": 5.0, 
        "lambda_std": 0.0007787447725992518, 
        "W": [
            0.044174445307307256, 
            0.07298974681503417, 
            0.05925545686881762, 
            0.08768621825065426, 
            0.04870966013174443, 
            0.043004704126271984, 
            0.08049094509311004, 
            0.059064653459524885
        ], 
        "lambda": 0.000962774720266776
    }, 
    "Islamist Extremists": {
        "W_std": [
            0.012655373253464072, 
            0.033980140275633924, 
            0.0076665303305215385, 
            0.05371156020665093, 
            0.01372460806459662, 
            0.015018273690574733, 
            0.009041829766685251, 
            0.03381521206910273
        ], 
        "B": 5.0, 
        "lambda_std": 0.0006521909902332678, 
        "W": [
            0.041871147815279924, 
            0.06165177897352192, 
            0.037125644212646566, 
            0.09866057771428434, 
            0.0393370946034589, 
            0.05130382985424415, 
            0.041973854524525823, 
            0.0767256276437616
        ], 
        "lambda": 0.000876994745421227
    }, 
    "Al-Qaeda": {
        "W_std": [
            0.09015281972355041, 
            0.020974493878413845, 
            0.0003061550326897482, 
            0.002546027149630506, 
            0.00020023024691715065, 
            0.0009378205359108053, 
            0.11535143340705989, 
            0.0006497789872547757
        ], 
        "B": 5.0, 
        "lambda_std": 0.003853707705946001, 
        "W": [
            0.2322880153013176, 
            0.11269639206465477, 
            0.00496640053940476, 
            0.013529996212419359, 
            0.002729531099130432, 
            0.008517424083532425, 
            0.2039101793065276, 
            0.006370098317748165
        ], 
        "lambda": 0.006195569122822382
    }
}