{
    "People's Revolutionary Army (ERP)": {
        "W_std": [
            0.021188100619863454, 
            0.0008268311277207619, 
            0.0211582828841523, 
            0.021722592934624446, 
            0.00023696048947164012
        ], 
        "B": 5.0, 
        "lambda_std": 0.0022077579548685313, 
        "W": [
            0.04753925285982199, 
            0.006059500178983045, 
            0.051917014383051005, 
            0.03905585241056294, 
            0.0018147233286916946
        ], 
        "lambda": 0.005140995874933668
    }, 
    "Popular Liberation Army (EPL)": {
        "W_std": [
            0.022613730892038334, 
            0.009704315128473409, 
            0.008493075035450501, 
            0.02077606132198176, 
            0.007815140897190476
        ], 
        "B": 5.0, 
        "lambda_std": 0.00160820738741167, 
        "W": [
            0.05154067124330177, 
            0.03084410498481784, 
            0.026611273672680544, 
            0.04955014261197098, 
            0.02156850567169443
        ], 
        "lambda": 0.002722568823305979
    }, 
    "United Self Defense Units of Colombia (AUC)": {
        "W_std": [
            0.030600100192406696, 
            0.0035079515043996193, 
            0.00037510364122848866, 
            0.1341962760199854, 
            0.01341693187057412
        ], 
        "B": 5.0, 
        "lambda_std": 0.0025611766194313873, 
        "W": [
            1.2934102660374371, 
            0.02710444820371348, 
            0.004760786057453496, 
            3.0643988948179195, 
            0.811897061210721
        ], 
        "lambda": 0.0049845406239434065
    }, 
    "National Liberation Army of Colombia (ELN)": {
        "W_std": [
            0.0, 
            2.1101490251005207e-05, 
            0.00011419016718360369, 
            0.00550885640723556, 
            0.0
        ], 
        "B": 5.0, 
        "lambda_std": 0.0039458605398664595, 
        "W": [
            0.0, 
            0.0005688505112095726, 
            0.002428078891908606, 
            0.023375544449863648, 
            0.0
        ], 
        "lambda": 0.010369951134743573
    }, 
    "Revolutionary Armed Forces of Colombia (FARC)": {
        "W_std": [
            1.960765522187992e-08, 
            1.1893983843243662e-06, 
            3.431625033049324e-06, 
            5.909561836686684e-06, 
            0.0
        ], 
        "B": 5.0, 
        "lambda_std": 0.010319615368197588, 
        "W": [
            1.4002733740909322e-05, 
            0.00010905954265099231, 
            0.00018524645834804297, 
            0.00024309590364065504, 
            0.0
        ], 
        "lambda": 0.0618887234088378
    }
}