{
    "Hizb-I-Islami": {
        "B": 5.0, 
        "W": [
            0.0, 
            0.0, 
            0.0, 
            0.0, 
            0.0, 
            0.0, 
            0.0, 
            0.0
        ], 
        "lambda": 0.0024981987137715476
    }, 
    "Tela Mohammed": {
        "B": 5.0, 
        "W": [
            0.0, 
            0.0, 
            0.0, 
            0.0, 
            0.0, 
            0.0, 
            0.0, 
            0.0
        ], 
        "lambda": 0.002141114897535892
    }, 
    "Taliban": {
        "B": 5.0, 
        "W": [
            0.0, 
            0.0, 
            0.0, 
            0.0, 
            0.0, 
            0.0, 
            0.7253651179829014, 
            0.0
        ], 
        "lambda": 0.014007721632742045
    }, 
    "Opposition Group": {
        "B": 5.0, 
        "W": [
            0.0, 
            0.0, 
            0.0, 
            0.0, 
            0.055140508516377244, 
            0.0, 
            0.0, 
            0.0
        ], 
        "lambda": 0.0028489483348738214
    }, 
    "Jaysh al-Muslimin (Army of the Muslims)": {
        "B": 5.0, 
        "W": [
            0.0, 
            0.0, 
            0.0, 
            0.0, 
            0.0, 
            0.0, 
            0.0, 
            0.0
        ], 
        "lambda": 0.0007993900883401014
    }, 
    "Saif-ul-Muslimeen": {
        "B": 5.0, 
        "W": [
            0.0, 
            1.081728862201258, 
            0.0, 
            0.33314254641724894, 
            0.09177014619445982, 
            0.0, 
            0.0, 
            0.0
        ], 
        "lambda": 0.00017606582486038666
    }, 
    "Islamist Extremists": {
        "B": 5.0, 
        "W": [
            0.11157664667524098, 
            0.11612815728568401, 
            0.019717178555405147, 
            0.004591811947713977, 
            0.2696800994932255, 
            0.09206241747175625, 
            0.01718116087995825, 
            0.03560117379317856
        ], 
        "lambda": 0.0003870351859615986
    }, 
    "Al-Qaeda": {
        "B": 5.0, 
        "W": [
            0.0, 
            0.0, 
            0.0, 
            0.0, 
            0.0, 
            0.0, 
            0.0, 
            0.0
        ], 
        "lambda": 0.012344354759002129
    }
}