{
    "Hizb-I-Islami": {
        "W_std": [
            0.0016055354854190946, 
            0.0058938629460655225, 
            0.003204682193421439, 
            0.003927129582295431, 
            0.00012819031015781014, 
            0.005361400326800092, 
            0.014017937185972355, 
            0.004328103834306421
        ], 
        "B": 5.0, 
        "lambda_std": 0.0018101075617282308, 
        "W": [
            0.009969335904677573, 
            0.016628955612013364, 
            0.019273045519392403, 
            0.01916782342895889, 
            0.002302061726334777, 
            0.014344320366628518, 
            0.04540808834608209, 
            0.01712048732898297
        ], 
        "lambda": 0.0025993829432195935
    }, 
    "Tela Mohammed": {
        "W_std": [
            0.04050137547871444, 
            0.01886041834164238, 
            0.0015052831529746937, 
            0.017026857681092886, 
            0.014467553021939427, 
            0.01650597557352933, 
            0.010875857171247944, 
            0.015063357519427502
        ], 
        "B": 5.0, 
        "lambda_std": 0.0007435097802878465, 
        "W": [
            0.05201352663257266, 
            0.036477476187516136, 
            0.013584289688380413, 
            0.04321488636642721, 
            0.0283079699480891, 
            0.04801927310650927, 
            0.03475785704048886, 
            0.03906477569245025
        ], 
        "lambda": 0.0008998771835794497
    }, 
    "Taliban": {
        "W_std": [
            0.0, 
            8.016109198406835e-07, 
            0.0, 
            0.0, 
            9.05147259408538e-09, 
            3.880379386807738e-08, 
            0.0068879109554393384, 
            2.8811484774856055e-06
        ], 
        "B": 5.0, 
        "lambda_std": 0.0087899844252682, 
        "W": [
            0.0, 
            8.953272696844877e-05, 
            0.0, 
            0.0, 
            9.51392274200575e-06, 
            2.793520331594401e-05, 
            0.7587099611019861, 
            0.0002611453153354951
        ], 
        "lambda": 0.02791173925639097
    }, 
    "Opposition Group": {
        "W_std": [
            0.7204007989563814, 
            0.009537289426466478, 
            0.01020232041221671, 
            0.0014387999512000516, 
            0.0050227853370325955, 
            0.01488186948614401, 
            0.013075739153709777, 
            0.012685750678466038
        ], 
        "B": 5.0, 
        "lambda_std": 0.0013873404404738804, 
        "W": [
            0.932917108361148, 
            0.0367395772387118, 
            0.02985066546252794, 
            0.007995582115483948, 
            0.02103777621314699, 
            0.05235244968284363, 
            0.03599057703742838, 
            0.03055478195006812
        ], 
        "lambda": 0.003250206059666406
    }, 
    "Jaysh al-Muslimin (Army of the Muslims)": {
        "W_std": [
            0.020131122162346603, 
            0.019211956333248834, 
            0.007722166592519987, 
            0.004682734942618313, 
            0.012814033838580626, 
            0.00806781134849672, 
            0.00925191363710256, 
            0.011660525585801483
        ], 
        "B": 5.0, 
        "lambda_std": 0.0007898760420557418, 
        "W": [
            0.05817470066412014, 
            0.04366604304515602, 
            0.031210744267870814, 
            0.024409114373108463, 
            0.040742630709366255, 
            0.02728764857755639, 
            0.038352766148205625, 
            0.04559591295684054
        ], 
        "lambda": 0.0013235767011356375
    }, 
    "Saif-ul-Muslimeen": {
        "W_std": [
            0.04633116509376793, 
            0.010270803230041602, 
            0.022835284480742204, 
            0.053317165603049145, 
            0.009248781512832841, 
            0.011160275159505411, 
            0.0335346668099798, 
            0.024732337850736964
        ], 
        "B": 5.0, 
        "lambda_std": 0.0007418623417825487, 
        "W": [
            0.09376716230842382, 
            0.03761120963372818, 
            0.07724828758278228, 
            0.10352437574509986, 
            0.03457949391626164, 
            0.03295268559724939, 
            0.06327140334284463, 
            0.0640940025762295
        ], 
        "lambda": 0.0009101520183104801
    }, 
    "Islamist Extremists": {
        "W_std": [
            0.014302779059143162, 
            0.010466227626685243, 
            0.020463185647222052, 
            0.010019028083404184, 
            0.010333782781542261, 
            0.003522790930025593, 
            0.021403546126688433, 
            0.015662135031521876
        ], 
        "B": 5.0, 
        "lambda_std": 0.0008490865869063115, 
        "W": [
            0.04087110755611289, 
            0.03312897290381133, 
            0.043604784597548386, 
            0.04680242994305624, 
            0.03453512663000876, 
            0.01900178734457604, 
            0.053476943634743854, 
            0.054668585064868006
        ], 
        "lambda": 0.0009457651763261181
    }, 
    "Al-Qaeda": {
        "W_std": [
            0.06919649521169151, 
            0.01870167534400903, 
            0.0007852937247004967, 
            0.0004416586814925155, 
            0.0005238707745367935, 
            0.0003945748455109811, 
            0.1228358185686574, 
            0.0006375463881652459
        ], 
        "B": 5.0, 
        "lambda_std": 0.003063086364869715, 
        "W": [
            0.18452874107276998, 
            0.11176579688759883, 
            0.007452244015660157, 
            0.004055264398911755, 
            0.0038115806385611746, 
            0.004113684324717733, 
            0.18965477317258453, 
            0.005236572715928854
        ], 
        "lambda": 0.004851305775961615
    }
}