{
    "People's Revolutionary Army (ERP)": {
        "W_std": [
            0.013684132419895212, 
            0.0032701987181647228, 
            0.017672879840172215, 
            0.044961469042437925, 
            0.0005979642623458067
        ], 
        "B": 5.0, 
        "lambda_std": 0.0022934803106361575, 
        "W": [
            0.04274108234997908, 
            0.016110978061818854, 
            0.05062669472061699, 
            0.08009665861545835, 
            0.006855904764428665
        ], 
        "lambda": 0.0049344193607043525
    }, 
    "Popular Liberation Army (EPL)": {
        "W_std": [
            0.020443270193418267, 
            0.001064088099623828, 
            0.0114204948296394, 
            0.012013507055200169, 
            0.012605752570198251
        ], 
        "B": 5.0, 
        "lambda_std": 0.0014261371714530274, 
        "W": [
            0.03872956831246461, 
            0.009218679307438206, 
            0.02918295455842767, 
            0.030497341614783714, 
            0.030207233758685118
        ], 
        "lambda": 0.0029365044003367142
    }, 
    "United Self Defense Units of Colombia (AUC)": {
        "W_std": [
            0.042348008234661276, 
            0.0025651977407844693, 
            0.00017016503994229972, 
            0.13369943931081207, 
            0.023884842062405785
        ], 
        "B": 5.0, 
        "lambda_std": 0.002299822343083034, 
        "W": [
            1.3253564930759887, 
            0.01997282409941375, 
            0.0034535354646160646, 
            2.9803468294470803, 
            0.8231269984784155
        ], 
        "lambda": 0.004619616033445746
    }, 
    "National Liberation Army of Colombia (ELN)": {
        "W_std": [
            2.9693773391498126e-05, 
            0.00013169697871411696, 
            0.00010814384890488482, 
            0.007185944395010932, 
            1.547755128876268e-05
        ], 
        "B": 5.0, 
        "lambda_std": 0.0035582787292490355, 
        "W": [
            0.0006624941502113882, 
            0.0017086327183558833, 
            0.002363285696004148, 
            0.02675608833698696, 
            0.00039341519148048467
        ], 
        "lambda": 0.009452833704247123
    }, 
    "Revolutionary Armed Forces of Colombia (FARC)": {
        "W_std": [
            3.766310742222361e-07, 
            1.943006028690356e-07, 
            2.4541797073908413e-07, 
            7.713086955064049e-06, 
            1.5053824346150576e-08
        ], 
        "B": 5.0, 
        "lambda_std": 0.010377916261019329, 
        "W": [
            6.137027572222851e-05, 
            4.407954206534309e-05, 
            4.953967811149809e-05, 
            0.0002777244489609084, 
            1.2269402734506093e-05
        ], 
        "lambda": 0.06264699441558626
    }
}