{
    "Hizb-I-Islami": {
        "B": 5.0, 
        "W": [
            0.0, 
            0.0, 
            0.0, 
            0.0, 
            0.0, 
            0.0, 
            0.0, 
            0.0
        ], 
        "lambda": 0.0021889344164628287
    }, 
    "Tela Mohammed": {
        "B": 5.0, 
        "W": [
            0.0, 
            0.0, 
            0.0, 
            0.0, 
            0.0, 
            0.0, 
            0.0, 
            0.0
        ], 
        "lambda": 0.0014245471946184862
    }, 
    "Taliban": {
        "B": 5.0, 
        "W": [
            0.0, 
            0.0, 
            0.0, 
            0.0, 
            0.0, 
            0.0, 
            0.7485795842256475, 
            0.0
        ], 
        "lambda": 0.02426458803851272
    }, 
    "Opposition Group": {
        "B": 5.0, 
        "W": [
            0.0, 
            0.0, 
            0.1922445604891179, 
            0.0, 
            0.0, 
            0.0, 
            0.0, 
            0.0
        ], 
        "lambda": 0.0027782836981709636
    }, 
    "Jaysh al-Muslimin (Army of the Muslims)": {
        "B": 5.0, 
        "W": [
            0.0, 
            0.0, 
            0.0, 
            0.0, 
            0.0, 
            0.0, 
            0.0, 
            0.0
        ], 
        "lambda": 0.00023344864271492287
    }, 
    "Saif-ul-Muslimeen": {
        "B": 5.0, 
        "W": [
            0.058736023373037516, 
            0.23341252671643048, 
            0.0, 
            0.0, 
            0.0, 
            0.0, 
            0.0, 
            0.11736720710378502
        ], 
        "lambda": 0.0009825770575390472
    }, 
    "Islamist Extremists": {
        "B": 5.0, 
        "W": [
            0.04204946986270663, 
            0.3558165217137895, 
            0.0, 
            0.0, 
            0.0, 
            0.0, 
            0.0, 
            0.0
        ], 
        "lambda": 1.247295874983697e-05
    }, 
    "Al-Qaeda": {
        "B": 5.0, 
        "W": [
            0.0, 
            0.0, 
            0.0, 
            0.1240042346681483, 
            0.0, 
            8.766929381566063e-05, 
            0.0, 
            0.0
        ], 
        "lambda": 0.012806640947474756
    }
}