,mu,alpha,beta
0,0.9306948096451,0.44527295292950003,0.9740752063177002
