Parameter,SRF
beta,1.000010700256782
mu,0.9999957999166771
alpha,1.0000054641939233
