,mu,alpha,beta
0,0.22391088303050002,1.744132775759,3.2132074891790006
