Parameter,SRF
alpha,1.0000157393027784
beta,1.000046181189793
mu,1.0000178545053249
