,mu,alpha,beta
0,0.061302022633380006,2.380634110223,17.38441155552
