Parameter,SRF
alpha,1.0000493332566112
mu,1.000048676368554
beta,1.0000600884476263
