,mu,alpha,beta
0,0.00538101034738,2.4596675141830002,4.961623604234999
