Parameter,SRF
mu,1.0000164753164822
beta,1.0000896087783342
alpha,1.0000785232985638
