{
    "Hizb-I-Islami": {
        "B": 5.0, 
        "W": [
            0.0, 
            0.0, 
            0.0, 
            0.0, 
            0.0, 
            0.0, 
            0.0, 
            0.0
        ], 
        "lambda": 0.0012658035257008624
    }, 
    "Tela Mohammed": {
        "B": 5.0, 
        "W": [
            0.0, 
            0.0, 
            0.0, 
            0.0, 
            0.0, 
            0.0, 
            0.0, 
            0.0
        ], 
        "lambda": 2.3672734686504297e-05
    }, 
    "Taliban": {
        "B": 5.0, 
        "W": [
            0.0, 
            0.0, 
            0.0, 
            0.0, 
            0.0, 
            0.0, 
            0.6401057142297624, 
            0.0
        ], 
        "lambda": 0.01833748424107616
    }, 
    "Opposition Group": {
        "B": 5.0, 
        "W": [
            1.5915265324681003, 
            0.0, 
            0.0, 
            0.0, 
            0.0, 
            0.0, 
            0.29209716447174217, 
            0.0
        ], 
        "lambda": 0.0015119459040234748
    }, 
    "Jaysh al-Muslimin (Army of the Muslims)": {
        "B": 5.0, 
        "W": [
            0.0, 
            0.0, 
            0.0, 
            0.0, 
            0.15076113565686372, 
            0.12051384510491886, 
            0.0, 
            0.19799647350425656
        ], 
        "lambda": 0.0049948224914670054
    }, 
    "Saif-ul-Muslimeen": {
        "B": 5.0, 
        "W": [
            0.0, 
            0.0, 
            0.0, 
            0.0, 
            0.0, 
            0.28706810675170474, 
            0.0, 
            0.0
        ], 
        "lambda": 0.0022267659145928055
    }, 
    "Islamist Extremists": {
        "B": 5.0, 
        "W": [
            0.0, 
            0.1090887211597649, 
            0.0, 
            0.0, 
            0.0, 
            0.0, 
            0.0, 
            0.1715264792034596
        ], 
        "lambda": 0.00042157518180744463
    }, 
    "Al-Qaeda": {
        "B": 5.0, 
        "W": [
            0.0, 
            0.4310539759781715, 
            0.0, 
            0.0, 
            0.0, 
            0.0, 
            1.7433659916615958, 
            0.0
        ], 
        "lambda": 0.008462191845072133
    }
}