{
    "People's Revolutionary Army (ERP)": {
        "B": 5.0, 
        "W": [
            0.0, 
            0.0, 
            0.0, 
            0.0, 
            0.0
        ], 
        "lambda": 0.0016608252019895743
    }, 
    "Popular Liberation Army (EPL)": {
        "B": 5.0, 
        "W": [
            0.07801053236043207, 
            0.08997095936770394, 
            0.015048686450551364, 
            0.0, 
            0.0338979448153946
        ], 
        "lambda": 0.004374149407012184
    }, 
    "United Self Defense Units of Colombia (AUC)": {
        "B": 5.0, 
        "W": [
            1.3542827905521675, 
            0.09849803753434486, 
            0.0, 
            2.7476943969134635, 
            0.869787156798351
        ], 
        "lambda": 0.002508804399429438
    }, 
    "National Liberation Army of Colombia (ELN)": {
        "B": 5.0, 
        "W": [
            0.0, 
            0.0, 
            0.0, 
            0.20522513362482073, 
            0.0
        ], 
        "lambda": 0.012380037866443407
    }, 
    "Revolutionary Armed Forces of Colombia (FARC)": {
        "B": 5.0, 
        "W": [
            0.0, 
            0.0, 
            0.0, 
            0.0, 
            0.0
        ], 
        "lambda": 0.04559144078736502
    }
}