{
    "Hizb-I-Islami": {
        "B": 5.0, 
        "W": [
            0.0, 
            0.0, 
            0.0, 
            0.0, 
            0.0, 
            0.0, 
            0.1284824148249595, 
            0.0
        ], 
        "lambda": 0.0012992698588960008
    }, 
    "Tela Mohammed": {
        "B": 5.0, 
        "W": [
            0.0, 
            0.0, 
            0.0, 
            0.0, 
            0.0, 
            0.0, 
            0.0, 
            0.0
        ], 
        "lambda": 0.0004768913683596515
    }, 
    "Taliban": {
        "B": 5.0, 
        "W": [
            0.0, 
            0.0, 
            0.0, 
            0.0, 
            0.0, 
            0.0, 
            0.6117857296682845, 
            0.0
        ], 
        "lambda": 0.04129930090615588
    }, 
    "Opposition Group": {
        "B": 5.0, 
        "W": [
            0.24353486469699367, 
            0.0, 
            0.0, 
            0.0, 
            0.0, 
            0.0, 
            0.0, 
            0.0
        ], 
        "lambda": 0.001865293626184
    }, 
    "Jaysh al-Muslimin (Army of the Muslims)": {
        "B": 5.0, 
        "W": [
            0.0, 
            0.0, 
            0.0, 
            0.0, 
            0.0, 
            0.0, 
            0.0, 
            0.0
        ], 
        "lambda": 0.0008937846026674986
    }, 
    "Saif-ul-Muslimeen": {
        "B": 5.0, 
        "W": [
            0.0, 
            0.0, 
            0.024097471288701336, 
            0.0, 
            0.0, 
            0.31615028310759574, 
            0.0, 
            0.0
        ], 
        "lambda": 0.000950185738490101
    }, 
    "Islamist Extremists": {
        "B": 5.0, 
        "W": [
            0.0, 
            0.0, 
            0.2629468337061018, 
            0.49853918111237444, 
            0.0, 
            0.036012655851025636, 
            0.0, 
            0.0
        ], 
        "lambda": 0.0015535071228137479
    }, 
    "Al-Qaeda": {
        "B": 5.0, 
        "W": [
            0.04601449088679247, 
            0.0, 
            0.0, 
            0.03605957829116205, 
            0.0, 
            0.0, 
            0.0, 
            0.0
        ], 
        "lambda": 0.009561066093297743
    }
}