gname,mu
Al-Qaeda,0.008644296995953907
Hizb-I-Islami,0.005762864663969271
Islamist Extremists,0.0028814323319846357
Jaysh al-Muslimin (Army of the Muslims),0.005762864663969271
Opposition Group,0.0028814323319846357
Other,0.0028814323319846357
Saif-ul-Muslimeen,0.0028814323319846357
Taliban,0.017288593991907814
Tela Mohammed,0.0028814323319846357
