{
    "Hizb-I-Islami": {
        "B": 5.0, 
        "W": [
            0.0, 
            0.08823490405252793, 
            0.0, 
            0.0, 
            0.20430946461234198, 
            0.0, 
            0.11273731855419253, 
            0.0
        ], 
        "lambda": 0.00025320673560846305
    }, 
    "Tela Mohammed": {
        "B": 5.0, 
        "W": [
            0.0, 
            0.2974616034610209, 
            0.0, 
            0.5811936252937885, 
            0.0, 
            0.0, 
            0.21179844268683046, 
            0.2029485649834281
        ], 
        "lambda": 0.0005236744416472104
    }, 
    "Taliban": {
        "B": 5.0, 
        "W": [
            0.0, 
            0.0, 
            0.0, 
            0.0, 
            0.0, 
            0.0, 
            0.8233929016699271, 
            0.0
        ], 
        "lambda": 0.009189393223450516
    }, 
    "Opposition Group": {
        "B": 5.0, 
        "W": [
            0.0, 
            0.0, 
            0.0, 
            0.0, 
            0.0, 
            0.0, 
            0.0, 
            0.0
        ], 
        "lambda": 0.004127052026459643
    }, 
    "Jaysh al-Muslimin (Army of the Muslims)": {
        "B": 5.0, 
        "W": [
            0.1903136539296356, 
            0.0, 
            0.11598055674701513, 
            0.23967161843852297, 
            0.0, 
            0.04423405232469609, 
            0.0, 
            0.835159110070373
        ], 
        "lambda": 0.0018571208778007822
    }, 
    "Saif-ul-Muslimeen": {
        "B": 5.0, 
        "W": [
            0.0, 
            0.714598057123633, 
            0.0, 
            0.009586593399497374, 
            0.0, 
            0.0, 
            0.5462852951846255, 
            0.027815911607981542
        ], 
        "lambda": 0.0004970688295374255
    }, 
    "Islamist Extremists": {
        "B": 5.0, 
        "W": [
            0.0, 
            0.0, 
            0.0, 
            0.18163404475277872, 
            0.0, 
            0.0, 
            0.0, 
            0.001770084635138912
        ], 
        "lambda": 0.0012330041895637842
    }, 
    "Al-Qaeda": {
        "B": 5.0, 
        "W": [
            0.13354797411564712, 
            0.3012639601334774, 
            0.0, 
            0.0, 
            0.0, 
            0.0, 
            1.4545188161317384, 
            0.0
        ], 
        "lambda": 0.00793083239233235
    }
}