{
    "People's Revolutionary Army (ERP)": {
        "B": 5.0, 
        "W": [
            0.0017172923849990453, 
            0.0, 
            0.0, 
            0.0, 
            0.0
        ], 
        "lambda": 0.005100487663839323
    }, 
    "Popular Liberation Army (EPL)": {
        "B": 5.0, 
        "W": [
            0.0, 
            0.0, 
            0.242741115212768, 
            0.19662964186930043, 
            0.39678122872747595
        ], 
        "lambda": 0.001298241354103024
    }, 
    "United Self Defense Units of Colombia (AUC)": {
        "B": 5.0, 
        "W": [
            1.3345399985437605, 
            0.0, 
            0.0, 
            3.6222852988495355, 
            0.9247767835122597
        ], 
        "lambda": 0.007820313850313306
    }, 
    "National Liberation Army of Colombia (ELN)": {
        "B": 5.0, 
        "W": [
            0.0, 
            0.0, 
            0.0, 
            0.0, 
            0.0
        ], 
        "lambda": 0.007123036323863337
    }, 
    "Revolutionary Armed Forces of Colombia (FARC)": {
        "B": 5.0, 
        "W": [
            0.0, 
            0.0, 
            0.0, 
            0.0, 
            0.0
        ], 
        "lambda": 0.05411520523166306
    }
}