{
    "Hizb-I-Islami": {
        "B": 5.0, 
        "W": [
            0.0, 
            0.0, 
            0.0, 
            0.013345692315260152, 
            0.0, 
            0.0, 
            0.0, 
            0.0
        ], 
        "lambda": 0.004793428781845166
    }, 
    "Tela Mohammed": {
        "B": 5.0, 
        "W": [
            0.0, 
            0.0, 
            0.0, 
            0.0, 
            0.0, 
            0.0, 
            0.0, 
            0.0
        ], 
        "lambda": 2.8925864009187514e-05
    }, 
    "Taliban": {
        "B": 5.0, 
        "W": [
            0.0, 
            0.0, 
            0.0, 
            0.0, 
            0.0, 
            0.0, 
            0.9178308800791453, 
            0.0
        ], 
        "lambda": 0.03443069261274329
    }, 
    "Opposition Group": {
        "B": 5.0, 
        "W": [
            2.3281376898115234, 
            0.0, 
            0.0, 
            0.0, 
            0.372863708233041, 
            0.03688364411287501, 
            0.0, 
            0.0
        ], 
        "lambda": 0.0014001217787435471
    }, 
    "Jaysh al-Muslimin (Army of the Muslims)": {
        "B": 5.0, 
        "W": [
            0.0, 
            0.0, 
            0.0, 
            0.0, 
            0.0, 
            0.0, 
            0.0, 
            0.0
        ], 
        "lambda": 0.0011113393769877663
    }, 
    "Saif-ul-Muslimeen": {
        "B": 5.0, 
        "W": [
            0.0, 
            0.785620805235792, 
            0.0, 
            0.0, 
            0.0, 
            0.0, 
            0.0, 
            0.0
        ], 
        "lambda": 0.0022726934577131175
    }, 
    "Islamist Extremists": {
        "B": 5.0, 
        "W": [
            0.0052408644887163664, 
            0.052727573166008984, 
            0.07243147634260126, 
            0.36493224362654225, 
            0.01003099780244247, 
            0.0, 
            0.2891269724780811, 
            0.515205206167985
        ], 
        "lambda": 0.0011974970336705573
    }, 
    "Al-Qaeda": {
        "B": 5.0, 
        "W": [
            0.0, 
            0.0, 
            0.0, 
            0.0, 
            0.0, 
            0.0, 
            0.0, 
            0.0
        ], 
        "lambda": 0.0016930132238481394
    }
}