{
    "People's Revolutionary Army (ERP)": {
        "B": 5.0, 
        "W": [
            0.21370204626943093, 
            0.13974731560234618, 
            0.1602629135859108, 
            0.18319928222584292, 
            0.0
        ], 
        "lambda": 0.0072240241042773315
    }, 
    "Popular Liberation Army (EPL)": {
        "B": 5.0, 
        "W": [
            0.0, 
            0.0, 
            0.0, 
            0.0, 
            0.0
        ], 
        "lambda": 0.0016965120857271292
    }, 
    "United Self Defense Units of Colombia (AUC)": {
        "B": 5.0, 
        "W": [
            1.1299153775630078, 
            0.0, 
            0.0, 
            2.9040115340742463, 
            0.9350969503901443
        ], 
        "lambda": 0.006487956300658696
    }, 
    "National Liberation Army of Colombia (ELN)": {
        "B": 5.0, 
        "W": [
            0.0, 
            0.0, 
            0.0, 
            0.0, 
            0.0
        ], 
        "lambda": 0.013217913534317186
    }, 
    "Revolutionary Armed Forces of Colombia (FARC)": {
        "B": 5.0, 
        "W": [
            0.0, 
            0.0, 
            0.0, 
            0.0, 
            0.0
        ], 
        "lambda": 0.06879220634645068
    }
}