,mu,alpha,beta
0,0.11038105724040001,5.5617269719,36.55880952388999
