Parameter,SRF
alpha,1.0000882871027232
beta,1.0000359477228298
mu,0.99999483189638
