,mu,alpha,beta
0,0.11908243493610002,13.899830815160001,62.34999008589
