Parameter,SRF
beta,1.000012319728234
mu,0.999993694942363
alpha,1.000007643958498
