{
    "Hizb-I-Islami": {
        "W_std": [
            0.003097604956644078, 
            0.005715831116119591, 
            0.0035741129050829152, 
            0.008221404148488048, 
            0.0013722185026555827, 
            0.006963426925642943, 
            0.022314717126352496, 
            0.010582079771662471
        ], 
        "B": 5.0, 
        "lambda_std": 0.0018324461826885483, 
        "W": [
            0.015522151025697534, 
            0.01888098653702351, 
            0.014043869324665675, 
            0.030717849519093874, 
            0.006662426366018812, 
            0.02682200827539519, 
            0.04962029720402298, 
            0.02410948856995274
        ], 
        "lambda": 0.0026568820900509894
    }, 
    "Tela Mohammed": {
        "W_std": [
            0.0053636401294392885, 
            0.009171166350193875, 
            0.005059850699022172, 
            0.018611087456895745, 
            0.02324315339797756, 
            0.011386564908934901, 
            0.013146211360054524, 
            0.013432700359623516
        ], 
        "B": 5.0, 
        "lambda_std": 0.0007272178876348726, 
        "W": [
            0.020894611000290605, 
            0.027323671820769953, 
            0.02773495583796759, 
            0.05168644287405237, 
            0.06371690263830528, 
            0.04073505660414324, 
            0.04729513410790955, 
            0.04416087297815144
        ], 
        "lambda": 0.000964060673524692
    }, 
    "Taliban": {
        "W_std": [
            0.0, 
            0.0, 
            0.0, 
            1.598760464838827e-07, 
            3.6719279105388066e-09, 
            3.823373634595544e-08, 
            0.007610336981205712, 
            0.0
        ], 
        "B": 5.0, 
        "lambda_std": 0.008416694453613744, 
        "W": [
            0.0, 
            0.0, 
            0.0, 
            3.998450280844844e-05, 
            6.059643480056236e-06, 
            1.9553448889123196e-05, 
            0.7872737358947445, 
            0.0
        ], 
        "lambda": 0.022390922586852588
    }, 
    "Opposition Group": {
        "W_std": [
            0.5966681085391994, 
            0.03345538932433438, 
            0.004764398134997742, 
            0.0015963871731895392, 
            0.011243092552901813, 
            0.004654796811743133, 
            0.019437778132977326, 
            0.002150893942746713
        ], 
        "B": 5.0, 
        "lambda_std": 0.0014374561972566252, 
        "W": [
            0.6890270089733549, 
            0.06927410533264997, 
            0.022468159862364594, 
            0.013127964179193163, 
            0.03294285046589227, 
            0.02868655876723654, 
            0.053313462276692744, 
            0.012494819803248238
        ], 
        "lambda": 0.0033927019432826145
    }, 
    "Jaysh al-Muslimin (Army of the Muslims)": {
        "W_std": [
            0.015630927991585532, 
            0.0144670041776385, 
            0.02031898207876289, 
            0.00829612579655691, 
            0.01278321448951539, 
            0.004201267488561609, 
            0.011325022343133564, 
            0.014840182305649456
        ], 
        "B": 5.0, 
        "lambda_std": 0.0009360677421124035, 
        "W": [
            0.04536707666556971, 
            0.035068589707726104, 
            0.04896411450294848, 
            0.02895578817497987, 
            0.040259977397730025, 
            0.021418820911032904, 
            0.03309759152951564, 
            0.041732646481816245
        ], 
        "lambda": 0.001339139643334428
    }, 
    "Saif-ul-Muslimeen": {
        "W_std": [
            0.01590805022348821, 
            0.02687736960996551, 
            0.016653711491714657, 
            0.015713709070501215, 
            0.0032601769850882038, 
            0.005904744177045994, 
            0.016597040570413276, 
            0.016489835068998815
        ], 
        "B": 5.0, 
        "lambda_std": 0.0007894595612057833, 
        "W": [
            0.03662884478365108, 
            0.07150075491066807, 
            0.05368151598599989, 
            0.05041138623399472, 
            0.014455936979459402, 
            0.02359326136783315, 
            0.046463374611399225, 
            0.05161539352550157
        ], 
        "lambda": 0.0010063823278876605
    }, 
    "Islamist Extremists": {
        "W_std": [
            0.003849229230866079, 
            0.008813195916850413, 
            0.010363929253939877, 
            0.02308987836261627, 
            0.0075463503479916245, 
            0.007057231878546937, 
            0.02163037149408789, 
            0.02160953138789003
        ], 
        "B": 5.0, 
        "lambda_std": 0.0008249932521795728, 
        "W": [
            0.023300346316489227, 
            0.030395805453297804, 
            0.03772738888954272, 
            0.0600405291534711, 
            0.03215897485195583, 
            0.027005969986552587, 
            0.060037951506285846, 
            0.04967326199180219
        ], 
        "lambda": 0.000974640914098179
    }, 
    "Al-Qaeda": {
        "W_std": [
            0.057548826601875026, 
            0.013445677127227832, 
            0.0005622729478310951, 
            0.0013418871879826617, 
            6.312523582567012e-05, 
            0.0014621260326231921, 
            0.24550174829712562, 
            0.000397349155429343
        ], 
        "B": 5.0, 
        "lambda_std": 0.0035500251404680366, 
        "W": [
            0.18112699995594822, 
            0.08395502022480669, 
            0.006380848550371217, 
            0.012445978331119944, 
            0.0012605109435257235, 
            0.009608746593757874, 
            0.3504362710132067, 
            0.002760426400863221
        ], 
        "lambda": 0.005879435167277406
    }
}