{
    "People's Revolutionary Army (ERP)": {
        "W_std": [
            0.023740161793448233, 
            0.003310170527371207, 
            0.009010824308018316, 
            0.07319622722845763, 
            0.002156279381382016
        ], 
        "B": 5.0, 
        "lambda_std": 0.0019300479295905118, 
        "W": [
            0.05013982587966729, 
            0.01569212582141405, 
            0.03093807766423974, 
            0.1060929688356189, 
            0.009453350562263662
        ], 
        "lambda": 0.005321894553961779
    }, 
    "Popular Liberation Army (EPL)": {
        "W_std": [
            0.005506121739107876, 
            0.008039452179377205, 
            0.004440667452323698, 
            0.018143008100845636, 
            0.0018598729653576316
        ], 
        "B": 5.0, 
        "lambda_std": 0.0012056060655733403, 
        "W": [
            0.020742266882189712, 
            0.028008354700552292, 
            0.019600809335342743, 
            0.03883432277336075, 
            0.01310094033751016
        ], 
        "lambda": 0.003097743729834665
    }, 
    "United Self Defense Units of Colombia (AUC)": {
        "W_std": [
            0.029170253232222686, 
            0.001657292764105419, 
            0.0006887612289461236, 
            0.1261562976072704, 
            0.020901259644579354
        ], 
        "B": 5.0, 
        "lambda_std": 0.0022721296015277095, 
        "W": [
            1.316171539174619, 
            0.016208575213102074, 
            0.006473589020762951, 
            3.03338166692231, 
            0.8314934263217271
        ], 
        "lambda": 0.0050457980122371494
    }, 
    "National Liberation Army of Colombia (ELN)": {
        "W_std": [
            4.000288478892629e-06, 
            1.5326767443816116e-05, 
            2.557382634735364e-05, 
            0.012712333774120682, 
            1.5150382108974831e-05
        ], 
        "B": 5.0, 
        "lambda_std": 0.0033775135169751666, 
        "W": [
            0.0002000072118422896, 
            0.0006229053028316084, 
            0.0010093908225349267, 
            0.03235138496218253, 
            0.0005138245504910892
        ], 
        "lambda": 0.009346173936833567
    }, 
    "Revolutionary Armed Forces of Colombia (FARC)": {
        "W_std": [
            0.0, 
            0.0, 
            0.0, 
            5.3124662162801326e-08, 
            0.0
        ], 
        "B": 5.0, 
        "lambda_std": 0.009807717041092021, 
        "W": [
            0.0, 
            0.0, 
            0.0, 
            2.3048787855937557e-05, 
            0.0
        ], 
        "lambda": 0.05999398940223492
    }
}