{
    "Hizb-I-Islami": {
        "B": 5.0, 
        "W": [
            0.0, 
            0.0, 
            0.0, 
            0.16017268307032587, 
            0.04832776876077141, 
            0.0, 
            0.09869072915648891, 
            0.0
        ], 
        "lambda": 0.0007919198042734079
    }, 
    "Tela Mohammed": {
        "B": 5.0, 
        "W": [
            0.0, 
            0.0, 
            0.0, 
            0.0, 
            0.0, 
            0.0, 
            0.0, 
            0.0
        ], 
        "lambda": 0.0005531911754528045
    }, 
    "Taliban": {
        "B": 5.0, 
        "W": [
            0.0, 
            0.0, 
            0.0, 
            0.0, 
            0.0, 
            0.0, 
            0.8567305916738892, 
            0.0
        ], 
        "lambda": 0.01584506595555805
    }, 
    "Opposition Group": {
        "B": 5.0, 
        "W": [
            0.04293909010558026, 
            0.17611790854359566, 
            0.0, 
            0.03341064035183469, 
            0.22003367474608282, 
            0.0, 
            0.08365212009693089, 
            0.042274497168490036
        ], 
        "lambda": 0.004670079967337999
    }, 
    "Jaysh al-Muslimin (Army of the Muslims)": {
        "B": 5.0, 
        "W": [
            0.2597277960573019, 
            0.17589907281514733, 
            0.0, 
            0.0, 
            0.039177140759888866, 
            0.0, 
            0.01716507469400141, 
            0.0
        ], 
        "lambda": 0.0001333759174238246
    }, 
    "Saif-ul-Muslimeen": {
        "B": 5.0, 
        "W": [
            0.0, 
            0.0, 
            0.0, 
            0.0, 
            0.0, 
            0.0, 
            0.0, 
            0.0
        ], 
        "lambda": 0.0019356648790788708
    }, 
    "Islamist Extremists": {
        "B": 5.0, 
        "W": [
            0.13184265191382824, 
            0.2813766036030771, 
            0.48985539528192246, 
            0.08456412843869918, 
            0.0, 
            0.03105895037002391, 
            0.12324110690233242, 
            0.0
        ], 
        "lambda": 0.00015058109752286026
    }, 
    "Al-Qaeda": {
        "B": 5.0, 
        "W": [
            0.6867097232819641, 
            0.2828243878670802, 
            0.0, 
            0.0, 
            0.0, 
            0.0, 
            0.9538889186372187, 
            0.0
        ], 
        "lambda": 0.0008756375465443434
    }
}