{
    "People's Revolutionary Army (ERP)": {
        "B": 5.0, 
        "W": [
            0.0, 
            0.0, 
            0.16402689361676165, 
            0.10436893900251236, 
            0.0
        ], 
        "lambda": 0.0036564345036598648
    }, 
    "Popular Liberation Army (EPL)": {
        "B": 5.0, 
        "W": [
            0.0, 
            0.0, 
            0.35455679697873793, 
            0.0, 
            0.0
        ], 
        "lambda": 0.001283111357914712
    }, 
    "United Self Defense Units of Colombia (AUC)": {
        "B": 5.0, 
        "W": [
            1.3276795198247613, 
            0.0, 
            0.0, 
            3.241357788879583, 
            0.9037985925726416
        ], 
        "lambda": 0.0025060023204659552
    }, 
    "National Liberation Army of Colombia (ELN)": {
        "B": 5.0, 
        "W": [
            0.0, 
            0.0, 
            0.0, 
            0.0, 
            0.0
        ], 
        "lambda": 0.006253174489571684
    }, 
    "Revolutionary Armed Forces of Colombia (FARC)": {
        "B": 5.0, 
        "W": [
            0.0, 
            0.0, 
            0.0, 
            0.0, 
            0.0
        ], 
        "lambda": 0.06344916436427066
    }
}