,mu,alpha,beta
0,0.02955430550041,0.8662918670966,1.4977381468289999
