Parameter,SRF
beta,1.0000287422037764
mu,1.0000066736333768
alpha,1.0000535252371439
